2017-12-23 21:38:35,b'RT @nigelcameron: Hey #UnitedAirlines - polystyrene plates/bowls at the #UnitedClub ?! Horrid beyond measure. Someone needs to be fired.'
2017-12-23 21:34:28,b'@united now it\xe2\x80\x99s a SEVEN HOUR DELAY due to mechanical failure! #unitedAIRLINES #holidaytravel #worstairline https://t.co/YXkfHNeOZk'
2017-12-23 21:27:07,b'I literally only signed up for twitter to say this...FUCK @united. That is all. #unitedairlines #united #overbooked #greedy #screwovers'
2017-12-23 21:27:05,b'@united thanks but flight status does not help me. Getting flight 760 a different airplane so we can get to our fam\xe2\x80\xa6 https://t.co/LSFlukJ3NP'
2017-12-23 21:10:24,b'Dear @united:  it\xe2\x80\x99s Dec. 23rd and I\xe2\x80\x99ve been at @BostonLogan waiting for flight UA760 which has been delayed SIX HOU\xe2\x80\xa6 https://t.co/cAtEkzMEp3'
2017-12-23 21:02:32,"b""RT @MikePattinson: No idea who created this, but sharing anyway as quite frankly I think it's hilarious \xf0\x9f\x98\x82 #UnitedAirlines https://t.co/oiFl\xe2\x80\xa6"""
2017-12-23 20:44:38,b'Ran into some good boys at the airport! #unitedpawsdonation #iad #unitedairlines #puppers #dogs\xe2\x80\xa6 https://t.co/pWr6GBAhF1'
2017-12-23 20:41:51,b'Hey #UnitedAirlines - polystyrene plates/bowls at the #UnitedClub ?! Horrid beyond measure. Someone needs to be fired.'
2017-12-23 20:38:53,b'#unitedAIRLINES worst airline ever Six hour delay and stuck on smelly bus for 30 mins'
2017-12-23 20:15:35,"b""Inaugural Flight United #1962... First Flight Cozumel to Denver !! #Let'sMakeaSelfie #unitedairlines\xe2\x80\xa6 https://t.co/ds9u9U0LFI"""
2017-12-23 19:39:35,b'Did #Unitedairlines bump a woman from first class and give her seat to U.S. Rep. Sheila Jackson Lee? @houstonchron\xe2\x80\xa6 https://t.co/jFc2SGV4pt'
2017-12-23 19:36:54,b'RT @ThomasKotcheff: .@rossbryant and @Babywantscandy just sang carols at our gate! It\xe2\x80\x99s a Christmas miracle!!! \xf0\x9f\x98\x8d\xf0\x9f\x8e\x84 \xf0\x9f\x8e\xb6 #UnitedAirlines https:/\xe2\x80\xa6'
2017-12-23 19:13:22,b'Shocking that a @united flight is delayed. Flight was to depart at 12:20 today and now it\xe2\x80\x99s delayed until 1:45 ...\xe2\x80\xa6 https://t.co/Wgk68h0L8z'
2017-12-23 19:01:53,b'Waited over an hour for our bags at Newark.  Priority bags came off last.     Unbelievable @united!  #unitedAIRLINES'
2017-12-23 18:55:38,b'#UnitedAirlines sitting on runway. Pilot says engine won\xe2\x80\x99t start. Waiting. No guidance. Best you can do? @united'
2017-12-23 18:49:35,"b'I wish I had a way to get them to #Dallas but if someone is flying out of Salt Lake City to Dallas, and would take\xe2\x80\xa6 https://t.co/umiYQISj3D'"
2017-12-23 18:45:30,b'#unitedAIRLINES Fly the incompetent skies...'
2017-12-23 18:26:49,"b'Missed my flight to FLL on Tuesday Thanks to @united ! I was in the emergency room, came an hour , but no one at th\xe2\x80\xa6 https://t.co/TOFQ0khosR'"
2017-12-23 17:39:26,b'Listening to #secretfeministagenda to pass the time... #delay_or_something with #unitedAIRLINES... #holidaytravel i\xe2\x80\xa6 https://t.co/iSzrza3WZt'
2017-12-23 15:58:31,b'RT @MarieAnnUK: Not enough seating? Prepare for a beating! #UnitedAirlines   https://t.co/xlRSggLQHd'
2017-12-23 15:52:20,b'Found a Transponder Snail! \nShots of those Spooky guys at Thriller Bark!\nhttps://t.co/6QHpb3VCTv #unitedAIRLINES https://t.co/mlKuWkd7DX'
2017-12-23 15:23:40,b'Great trip on #unitedAIRLINES from EWR to IND on a busy day!'
2017-12-23 15:13:57,b'RT @MarieAnnUK: Not enough seating? Prepare for a beating! #UnitedAirlines   https://t.co/xlRSggLQHd'
2017-12-23 14:52:25,b'Christmas Party! #UnitedAirlines \xe2\x98\x83\xef\xb8\x8f\xf0\x9f\x8e\x84  Honestly I love my job and these people! \xf0\x9f\x92\x99\xe2\x9c\x88\xef\xb8\x8f @ Hilton\xe2\x80\xa6 https://t.co/qcH6AFHbSw'
2017-12-23 14:45:02,b'2017-12 In flight to New Mexico.\n.\n.\n.\n.\n.\n.\n.\n.\n#toptravelspot #newmexico #sky #usa #airplane #clouds #mountains\xe2\x80\xa6 https://t.co/piAtiVZ07h'
2017-12-23 13:34:55,b'Thanks @united for bumping me to First Class from my Memphis to Chicago leg to Salt Lake City #RoadTrip\xe2\x80\xa6 https://t.co/XWbr908xrV'
2017-12-23 11:06:12,b'RT @Av_HeadsetsUSA: United Airlines Boeing 777 landing \xf0\x9f\x87\xba\xf0\x9f\x87\xb8\xf0\x9f\x9b\xac #boeing777 #unitedairlines #aviationdaily https://t.co/PRJyLRNmO7'
2017-12-23 09:34:53,b'RT @MarieAnnUK: Not enough seating? Prepare for a beating! #UnitedAirlines   https://t.co/xlRSggLQHd'
2017-12-23 07:30:54,b'I thought for a moment they really sent them to the North Pole and I thought it was way too cold for children\xe2\x80\xa6 https://t.co/yg4GLSKmA6'
2017-12-23 05:16:27,b'Thank you #UnitedAirlines for losing my bag for the third time this year! This time you not only ruined my Christma\xe2\x80\xa6 https://t.co/LGmmUGegUV'
2017-12-23 04:11:46,"b'@united is the worst airline there is.  If you are a musician, avoid them at all costs.  #unitedairlines #airlinestoavoid #worstairline'"
2017-12-23 03:28:38,"b'So #UnitedAirlines booked a hotel room, got her on another flight, and the family whines to the media that they ""lo\xe2\x80\xa6 https://t.co/i50Omkgpy1'"
2017-12-23 03:25:35,b'Skiplagged is a site uses some funny booking tricks to get you places cheaply (e.g. booking iteneraries where your\xe2\x80\xa6 https://t.co/7AZhlyBWHs'
2017-12-23 03:15:04,b'#Christmas #Holiday #Travel #Safety \xe2\x80\x93 #Prepare an #Airport #Emergency Plan by viewing the videos at\xe2\x80\xa6 https://t.co/s4m2p7bPpq'
2017-12-23 03:10:01,"b""Got a nice visit from a #Boeing 777-300 earlier this evening. I love the 777. Such a beautiful airplane. Here's a f\xe2\x80\xa6 https://t.co/CvHhh3H25N"""
2017-12-23 03:08:16,b'2017-12 In flight to New Mexico.\n.\n.\n.\n.\n.\n.\n.\n.\n#toptravelspot #newmexico #sky #usa #airplane #clouds #mountains\xe2\x80\xa6 https://t.co/1zM8PmneOH'
2017-12-23 02:58:20,b'@JoeFlanagan @united @Delta \xe2\x80\x9cTracing process continues\xe2\x80\x9d while 7 flights to my destination have passed today. Merry\xe2\x80\xa6 https://t.co/FFQWzdu03j'
2017-12-23 02:37:23,b'A nice addition to the living room collection!  @united #UnitedAirlines #N182UA #UA747Farewell #MPExclusives\xe2\x80\xa6 https://t.co/6hsnHqlaPI'
2017-12-23 02:37:04,b'#unitedAIRLINES is by far the worst airline provider out there. Never experienced a company treat humans the way they do'
2017-12-23 02:03:27,"b'""Family says United Airlines lost track of 92-year-old woman"" https://t.co/bxnAACl1SI #travel #UnitedAirlines\xe2\x80\xa6 https://t.co/uJuafiehdq'"
2017-12-23 01:33:47,b'When your hour flight gets turned around because someone in first class is too drunk to fly. #smh\xe2\x80\xa6 https://t.co/J9FdhsaBZi'
2017-12-23 01:31:01,b'#UnitedAirlines Flight makes emergency landing after smoke reported on aircraft https://t.co/NTaLJ3kk3H'
2017-12-23 01:10:16,"b'""I hope no one gets hurt"" is not a thought I should have to have when I see this message. Joys of flying\xe2\x80\xa6 https://t.co/3vJAY65wwS'"
2017-12-23 00:23:09,b'This is a 4 hour local flight on Singapore Airlines - Why can we not offer this type of service in the U.S.A.\nInste\xe2\x80\xa6 https://t.co/Ikls9hhptM'
2017-12-23 00:08:10,b'RT @morrisls: #unitedairlines no responses. So typical'
2017-12-23 00:07:54,"b""RT @Seymour_love4us: #unitedAIRLINES delay..stuck in the Bahamas. Flight was suppose to leave at 240pm, it's now 7:48, been sitting on the\xe2\x80\xa6"""
2017-12-23 00:07:19,"b""RT @vickijoe1: #unitedAIRLINES  #nocustomerservice So the absolute BEST is when you're expecting your elderly mother in law to arrive on an\xe2\x80\xa6"""
2017-12-23 00:07:03,"b'RT @camstoltz: As frequently as I fly, I can honestly, genuinely say #UnitedAirlines is the worst airline\xe2\x80\x94by a large margin. Today I had an\xe2\x80\xa6'"
2017-12-23 00:06:03,"b'Washington DC to Venice, Italy for only $448 roundtrip with United #UnitedAirlines #Washington https://t.co/boWGiNCHTa'"
2017-12-23 00:06:02,b'Non-stop from New York to Las Vegas (&amp;amp; vice versa) for only $162 roundtrip with United. #UnitedAirlines\xe2\x80\xa6 https://t.co/Qgc0OaoFhh'
2017-12-23 00:01:00,"b'@united PSA @united has shown the #worst customer care. After being stranded in IAH for 24hrs, the gate manager thr\xe2\x80\xa6 https://t.co/3yx5qTI3H4'"
2017-12-22 23:57:02,b'RT @MarieAnnUK: Not enough seating? Prepare for a beating! #UnitedAirlines   https://t.co/xlRSggLQHd'
2017-12-22 23:52:54,b'#staralliance #unitedairlines #lufthansa.  What a god awful assemblage of poor policy and worse execution is the un\xe2\x80\xa6 https://t.co/aLBg3ooFv6'
2017-12-22 23:48:02,b'Denver to San Francisco (&amp;amp; vice versa) for only $78 roundtrip with United. #UnitedAirlines #Denver https://t.co/kHv7nieMN1'
2017-12-22 23:46:40,"b'@united No I still need help, your lady Maria Rivera at the counter is refusing to let my carry on baggage into the\xe2\x80\xa6 https://t.co/lhn3aHft3I'"
2017-12-22 22:21:05,"b'@united Where they\xe2\x80\x99ll reply to you tweet if you can\xe2\x80\x99t watch an in-flight movie, but ignore you when their incompete\xe2\x80\xa6 https://t.co/s3ZknzzASq'"
2017-12-22 22:15:40,b'Flying on #UnitedAirlines ready to get the shit beat out of me \xf0\x9f\x98\x8d\nMy ticket was $666 https://t.co/gfeGdasSTv'
2017-12-22 22:03:13,"b'As frequently as I fly, I can honestly, genuinely say #UnitedAirlines is the worst airline\xe2\x80\x94by a large margin. Today\xe2\x80\xa6 https://t.co/1iAWA3KDVs'"
2017-12-22 22:02:37,"b'If you want ever want your plans ruined, or if you\xe2\x80\x99re itching to eat breakfast, lunch, and dinner at an airport, bo\xe2\x80\xa6 https://t.co/QfvlsSp1nY'"
2017-12-22 21:47:11,b'6 hour premium flight from SF to Newark in an economy plus seat. Thanks #UnitedAirlines   You suck https://t.co/WnRJFMxg5D'
2017-12-22 21:41:51,b'Dear @united We\xe2\x80\x99ve been stuck on the tarmac for an hour due to \xe2\x80\x9cde-icing\xe2\x80\x9d the least you could do is unlock the TVs\xe2\x80\xa6 https://t.co/tlXVsLzxGu'
2017-12-22 20:42:32,b'Two priority bags DON\xe2\x80\x99T make it on a direct flight but non priority bags got there. #UnitedAirlines #wtf #really?'
2017-12-22 20:22:35,b'This is #unitedAIRLINES https://t.co/HDsD2Cio7E'
2017-12-22 19:49:22,b'RT @MarieAnnUK: Not enough seating? Prepare for a beating! #UnitedAirlines   https://t.co/xlRSggLQHd'
2017-12-22 19:47:41,b'RT @MarieAnnUK: Not enough seating? Prepare for a beating! #UnitedAirlines   https://t.co/xlRSggLQHd'
2017-12-22 19:41:29,b'#MyChristmasWishIn3Words   On time flights #UnitedAirlines'
2017-12-22 19:27:52,b'RT @UnitedFlyerHD: United B787-8 N26902 before landing on Dulles IAD RWY30\n#avgeek #boeing787 #dreamliner #UnitedAirlines https://t.co/6kPI\xe2\x80\xa6'
2017-12-22 19:27:39,b'RT @UnitedFlyerHD: United B777-300ER N2136U after pushback at Houston IAH \n#AvGeek #unitedairlines #Boeing #boeing777 https://t.co/OG4vPzMv\xe2\x80\xa6'
2017-12-22 18:24:03,b'United Airlines loses track of 92-year-old woman flying to Ottawa ottnews #UnitedAirlines #Ottawa https://t.co/xGJBBjS7bW'
2017-12-22 18:17:27,b'#UnitedAirlines loses track of 92-year-old #woman flying to #Ottawa.\n#travel #Christmas https://t.co/HTI7Z0vQYO'
2017-12-22 18:02:06,b'RT @Robo_Knight: When the Megazord is overbooked and #unitedairlines wants you off https://t.co/v0YBVffl62'
2017-12-22 18:01:37,b'2017-12 In flight to New Mexico.\n.\n.\n.\n.\n.\n.\n.\n.\n#toptravelspot #newmexico #sky #usa #airplane #clouds #mountains\xe2\x80\xa6 https://t.co/Epb53nz8i0'
2017-12-22 17:24:04,b'United Airlines loses track of 92-year-old woman flying to Ottawa ottnews #UnitedAirlines https://t.co/5OC4zxfh76'
2017-12-22 16:42:59,b'RT @Av_HeadsetsUSA: United Airlines Boeing 777 landing \xf0\x9f\x87\xba\xf0\x9f\x87\xb8\xf0\x9f\x9b\xac #boeing777 #unitedairlines #aviationdaily https://t.co/PRJyLRNmO7'
2017-12-22 16:38:38,b'United Airlines Boeing 777 landing \xf0\x9f\x87\xba\xf0\x9f\x87\xb8\xf0\x9f\x9b\xac #boeing777 #unitedairlines #aviationdaily https://t.co/PRJyLRNmO7'
2017-12-22 16:35:42,"b'@sonny_sondra It is a connecting flight, they knew the issues. They could have informed me properly the first time\xe2\x80\xa6 https://t.co/gsLC5Srwty'"
2017-12-22 16:26:57,b'#UnitedAirlines Where leave they 2 poor services agents to deal with two indefinitely delayed flights full of peopl\xe2\x80\xa6 https://t.co/qDgSad5uID'
2017-12-22 16:12:01,"b""Original research: 30% of #UnitedAirlines customers still say that they won't buy flights from UA\xe2\x80\xa6 https://t.co/FXZl0Iitib"""
2017-12-22 15:48:03,b'You may also like these photo galleries:AutoplayShow ThumbnailsShow CaptionsLast SlideNext Slide\xc2\xa0Pack your patience\xe2\x80\xa6 https://t.co/FwSCviJ9Dn'
2017-12-22 15:30:34,b'Huge shout out to @united! Sat on BQE for 2 hours this am and @united booked us on the next flight no charge. Thril\xe2\x80\xa6 https://t.co/MrPSh6myeN'
2017-12-22 15:08:38,"b'RT @franheeran: #unitedAIRLINES -Dulles to Tokyo 7 hours late, one mess up after another .. fuel , flat tyre , mis aligned bags , crew chan\xe2\x80\xa6'"
2017-12-22 15:05:42,"b'.@united airlines, where they run planes into each other at the gate, delay your flight by 5 hours, make you miss y\xe2\x80\xa6 https://t.co/Npt2hWSjBI'"
2017-12-22 14:41:27,b'RT @Corporate_Pilot: Business Class flat bed across the Atlantic #NATStrack #Boeing #unitedairlines #RoboCop #zzzzz http://t.co/Km7VgoAI8w'
2017-12-22 14:38:03,"b'United Flight on a B737, design is terrible. Seats are way too close together, can\xe2\x80\x99t even see my laptop screen with\xe2\x80\xa6 https://t.co/ITGg6VaNeU'"
2017-12-22 13:57:04,b'Last flight! Merry Christmas everyone\xf0\x9f\xa4\x99\xf0\x9f\x8f\xbe\xf0\x9f\xa4\x99\xf0\x9f\x8f\xbe\xf0\x9f\xa4\x99\xf0\x9f\x8f\xbe #unitedairlines #bababmusic #merrychristmas #homebound https://t.co/CVuufHWENU'
2017-12-22 13:46:31,"b""RT @skygoflycom: United Star Alliance 'Queen' #unitedairlines #boeing #747 #queenoftheskies #planespotting #dontgo https://t.co/2THoOMtay3\xe2\x80\xa6"""
2017-12-22 13:45:20,"b""United Star Alliance 'Queen' #unitedairlines #boeing #747 #queenoftheskies #planespotting #dontgo\xe2\x80\xa6 https://t.co/UlTTt7TTZQ"""
2017-12-22 13:05:57,"b'Last minute #upgrades - for both of us - thanks, #unitedairlines! #unitedjourney https://t.co/mdVdPwojAc'"
2017-12-22 12:55:46,b'Byeeeeeee NYC! Vegas here I come! @dlarsen22 @UnderStreetLamp \n#unitedairlines #horizon\xe2\x80\xa6 https://t.co/qQpOjKmJP2'
2017-12-22 12:30:01,b'First responders were unable to determine the source of the smoke. #Houston #UnitedAirlines https://t.co/EVSgdeB3k8'
2017-12-22 10:13:14,b'@united help my mate Danny! Your #customerservice has been #APPALLING #unitedAIRLINES https://t.co/MGWLJ4or0x'
2017-12-22 09:54:12,"b""@united I'm a #UnitedAirlines lifetime Gold and I will fly next in the last week of January and be away for 3 weeks\xe2\x80\xa6 https://t.co/N07yVG6V0U"""
2017-12-22 09:52:14,b'2 hours before my flight and no one to let us check in. #fuckunited #unitedAIRLINES'
2017-12-22 09:49:39,b'Round-up of travel-focused startups recently funded - https://t.co/CixhFgUYx1 #AmericanAirlinesVacations\xe2\x80\xa6 https://t.co/4MPGRZQVwm'
2017-12-22 09:31:31,b'RT @MarieAnnUK: Not enough seating? Prepare for a beating! #UnitedAirlines   https://t.co/xlRSggLQHd'
2017-12-22 09:22:21,b'RT @MarieAnnUK: Not enough seating? Prepare for a beating! #UnitedAirlines   https://t.co/xlRSggLQHd'
2017-12-22 09:16:00,b'RT @MarieAnnUK: Not enough seating? Prepare for a beating! #UnitedAirlines   https://t.co/xlRSggLQHd'
2017-12-22 09:14:09,b'RT @MarieAnnUK: Not enough seating? Prepare for a beating! #UnitedAirlines   https://t.co/xlRSggLQHd'
2017-12-22 09:08:28,b'RT @MarieAnnUK: Not enough seating? Prepare for a beating! #UnitedAirlines   https://t.co/xlRSggLQHd'
2017-12-22 09:04:57,b'RT @MarieAnnUK: Not enough seating? Prepare for a beating! #UnitedAirlines   https://t.co/xlRSggLQHd'
2017-12-22 09:04:46,b'RT @MarieAnnUK: Not enough seating? Prepare for a beating! #UnitedAirlines   https://t.co/xlRSggLQHd'
2017-12-22 09:04:25,b'RT @MarieAnnUK: Not enough seating? Prepare for a beating! #UnitedAirlines   https://t.co/xlRSggLQHd'
2017-12-22 09:04:06,b'RT @MarieAnnUK: Not enough seating? Prepare for a beating! #UnitedAirlines   https://t.co/xlRSggLQHd'
2017-12-22 09:03:32,b'RT @MarieAnnUK: Not enough seating? Prepare for a beating! #UnitedAirlines   https://t.co/xlRSggLQHd'
2017-12-22 09:02:23,b'Not enough seating? Prepare for a beating! #UnitedAirlines   https://t.co/xlRSggLQHd'
2017-12-22 07:17:05,b'When you learn there are free snacks on the plane!\n\nthanks #unitedairlines !\n\n#djangopom @\xe2\x80\xa6 https://t.co/PmqEi3mdjG'
2017-12-22 06:57:39,"b""Because #UnitedAirlines hasn't found enough ways to screw long-time, loyal, customers with excessive fees. Now we h\xe2\x80\xa6 https://t.co/DGJZxyg2sd"""
2017-12-22 06:02:31,b'RT @NaturallyChase: Had to post #unitedairlines #united #lol #brother #fightforyourlife https://t.co/XMFQjOwpvZ'
2017-12-22 06:00:04,b'In Hawaii waiting for my next flight. #unitedairlines #bababmusic #followmyjourney https://t.co/TkErhAeRMZ'
2017-12-22 05:37:42,b'@UnitedAirlines help! I am an airline lounge member (new today) and I cannot use the star alliance lounge at Haneda\xe2\x80\xa6 https://t.co/JhqIOa94FD'
2017-12-22 05:18:02,"b'Non-stop from New York to Dublin, Ireland for only $349 roundtrip with United. #UnitedAirlines #NewYork https://t.co/g5pU4u498G'"
2017-12-22 05:18:02,b'New York to Singapore for only $442 roundtrip with United. #UnitedAirlines #NewYork https://t.co/4iiwJzAS0o'
2017-12-22 05:04:23,b'#unitedairlines no responses. So typical'
2017-12-22 04:36:48,b'United lost all 8 of my bags today flying from LAX. #unitedAIRLINES #lostluggage #unitedairlinessuks https://t.co/tik8WzKfC1'
2017-12-22 04:25:19,b'@united you have a very frustrated mom &amp; 3 year old trying for 2 days to get from GTF to COS. Nothing but delayed f\xe2\x80\xa6 https://t.co/eMQUxUNDfV'
2017-12-22 04:09:17,b'@united What is the hold up with flight 5671 from DEN to COS?  The plane is at the gate. #UnitedAirlines #Fail 2 days ina row!'
2017-12-22 04:06:11,"b'@United Airlines, your inability to get flights departing on time for the last 2 days will have me traveling on oth\xe2\x80\xa6 https://t.co/ywHIBNSfTF'"
2017-12-22 04:01:08,b'#unitedairlines. Does any UA executive ever fly as a real customer?  I make this trip every month and this is the s\xe2\x80\xa6 https://t.co/r1Ymzx7Wbx'
2017-12-22 03:56:35,b'#unitedairlines. Again redeye from Seattle to IAD delayed. I am on the REDEYE to get home at 6a NOT 9a.  Last time\xe2\x80\xa6 https://t.co/PMVhrXWCPF'
2017-12-22 03:43:50,b'RT @indyfly1: OPERATION 300 needs airfare support\n\xc2\xbf #unitedairlines ?\n\nRT @JGilliam_SEAL: Join me as I host @seanhannity radio show. It\xe2\x80\x99s a\xe2\x80\xa6'
2017-12-22 02:51:50,b'@united how about you change your statuses and not lie about departing on time. We should of been airborne 30 mins\xe2\x80\xa6 https://t.co/Xagd1D2KKs'
2017-12-22 01:49:56,"b'#UnitedAirlines to New Orleans for holidays (@ Gate B5 in Chicago, IL) https://t.co/7cE4QaVCTO'"
2017-12-22 01:48:49,"b""@united has a new scam $50 per ticket fee to book on phone. Website wouldn't let me check out so I called.  Big mis\xe2\x80\xa6 https://t.co/6stJrbA024"""
2017-12-22 01:36:44,"b""@united I really hope you didn't over book dogs - hate to see one of them dragged out. #unitedAIRLINES"""
2017-12-22 01:06:01,b'RT @IsthatMeebs: #UnitedAirlines is the absolute worst.  Flight delayed part 47281736'
2017-12-22 01:03:59,b'People sitting in the rear of the plane you\xe2\x80\x99re not getting off first! Sit down!! Ugh #unitedAIRLINES'
2017-12-21 22:57:57,b'How do u expect ppl to travel @united - carry on bags vary in shape/size and you have the smallest storage spaces \xf0\x9f\x99\x83\xf0\x9f\x98\x90\xf0\x9f\x98\x91 #unitedairlines #worst'
2017-12-21 22:56:28,b'Finally boarded @united flight #UA2044 already such an awful experience. #sfo #SanFrancisco #unitedairlines never again #theworst ! #rude'
2017-12-21 22:12:03,"b'1 Year Ago Today: United took delivery of their first 777-300ER, N2331U. #UnitedAirlines https://t.co/Yho0SI8bBg'"
2017-12-21 22:00:54,"b'It\xe2\x80\x99s prettiest at 35,000 feet. #UnitedAirlines #3amisstillwaytooearly https://t.co/hWDgYWLSzr'"
2017-12-21 21:49:17,"b'Therapy Dog at Dulles airport! They have several here. I want to have one in my classroom! I could use Skippy, the\xe2\x80\xa6 https://t.co/Q61LLkZRlk'"
2017-12-21 21:45:51,"b'At Dulles airport, they have therapy dogs just walking around! I want to have one for my classroom! I could use Ski\xe2\x80\xa6 https://t.co/K8vzgcex3E'"
2017-12-21 21:33:34,b'7 Best Tweets about the #UnitedAirlines Scandal https://t.co/aQLuAEoAc1'
2017-12-21 21:27:31,"b'Dear @united, Please reevaluate your customer service + find a way to handle needs; to solve problems, not read fro\xe2\x80\xa6 https://t.co/N8y5GF7NMT'"
2017-12-21 21:27:19,b'OPERATION 300 needs airfare support\n\xc2\xbf #unitedairlines ?\n\nRT @JGilliam_SEAL: Join me as I host @seanhannity radio sh\xe2\x80\xa6 https://t.co/LKFiQarjGf'
2017-12-21 21:12:02,"b'New York to Taipei, Taiwan for only $426 roundtrip with United #UnitedAirlines #NewYork https://t.co/9MusTGUtYr'"
2017-12-21 20:35:48,b'@united On hold for an hour with disability services. Operators are clearly being overworked. Hire a temp service i\xe2\x80\xa6 https://t.co/SfkHJezEvt'
2017-12-21 20:14:15,b'Growing in #Hawaii might look like a good idea for #UnitedAirlines right now. But rising competition (especially fr\xe2\x80\xa6 https://t.co/lRI89z8c3H'
2017-12-21 19:20:31,b'Some Heavy Maintenance. 8C Check on a #Boeing 737-700. #UnitedAirlines #United #Avgeek #aircraft\xe2\x80\xa6 https://t.co/rMxe3VtyOk'
2017-12-21 18:18:52,b'Classic United Livery #unitedairlines #a319 #1:200 #modelairplane #avgeek #planeaddict https://t.co/RQ8KuhxMp3'
2017-12-21 18:18:17,b'N78501: United Airlines Boeing 737-800 (Formerly With Continental Airlines) - more images and info:\xe2\x80\xa6 https://t.co/TmohgXIcFR'
2017-12-21 17:47:57,b'Introducing my latest book. Two Towers is a memoir that tells the story of a perfect personal storm: my work at\xe2\x80\xa6 https://t.co/8ov78raDmM'
2017-12-21 15:51:40,"b'#united should lose its license. Worst carrier. Insults passengers, loses their luggage and serves water that left\xe2\x80\xa6 https://t.co/XseXhv2P4L'"
2017-12-21 15:49:30,b'RT @ChaChaTheAngel: We are back to DIA!  #UnitedPawsDonation #PetParners  #UnitedAirlines #DIA https://t.co/ICb1KnUYMV'
2017-12-21 15:45:32,"b'RT @DeadLotmovie: Easy to have a great day when they r yer co-wokers! #UnitedPawsdonation l-Luke, r-Bridgett #dogs #unitedAIRLINES #therapy\xe2\x80\xa6'"
2017-12-21 15:45:25,b'why people hate #United Airlines and why their name came up to the media many times! Simply because they don\xe2\x80\x99t care\xe2\x80\xa6 https://t.co/Cffci0IgnC'
2017-12-21 15:19:33,"b'Hi @united, flying on a plane behind seated crew complaining about their safety concerns and the incompetence of th\xe2\x80\xa6 https://t.co/rbU49dJaTW'"
2017-12-21 15:12:39,"b""The stranger on the plane started grabbing her thigh, she said. It didn't get better until landing.\xe2\x80\xa6 https://t.co/rlcx536sHn"""
2017-12-21 15:09:36,b'Cue Rhapsody in Blue...#UnitedAirlines we really couldn\xe2\x80\x99t care less https://t.co/2AG3r8lp25'
2017-12-21 15:03:27,"b'thanks @AerLingus, your flight delay caused me a dominoes effect, missing my connections and wasting a tons of time\xe2\x80\xa6 https://t.co/BnklbCUVJ1'"
2017-12-21 14:09:02,"b'Flight is diverted, refueled but waiting for clearance from Newark. Hope I don\xe2\x80\x99t miss my connecting flight #unitedairlines'"
2017-12-21 13:29:36,b'Thanks #unitedAIRLINES for giving my mother a 1st class ticket after seeing her on a wheelchair. She would travel e\xe2\x80\xa6 https://t.co/T5A4FvNiXs'
2017-12-21 12:55:05,"b""Waiting for my #unitedAIRLINES when I hear the flight next to me is delayed because the captain isn't here. I've made a terrible mistake"""
2017-12-21 12:45:28,b'Flying home for Christmas! First time on @united in a long time. Thanks for the upgrade to First on our way out.\xe2\x80\xa6 https://t.co/JfVBVGzLXG'
2017-12-21 11:13:02,b'RT @JovahnSimmons: Just got off a #UnitedAirlines flight... What a DRAG that flight was. I filmed the whole thing. WATCH\xe2\x9c\x88\xef\xb8\x8f\nhttps://t.co/t9D\xe2\x80\xa6'
2017-12-21 11:07:56,"b'Going on record #UnitedAirlines, this is the very last time we fly with you. I\'m 6\'2"" with legs for days, there are\xe2\x80\xa6 https://t.co/ZUTc8VWeXR'"
2017-12-21 09:26:22,"b""AA BKK-HKG-LAX/SFO RT $850 immed UPG with SWU's #unitedairlines #mileagerun #travel #mileageplus https://t.co/AYSpqSlCjM"""
2017-12-21 09:23:09,b'You may also like these photo galleries:AutoplayShow ThumbnailsShow CaptionsLast SlideNext Slide\xc2\xa0Pack your patience\xe2\x80\xa6 https://t.co/O1ltflwQs8'
2017-12-21 09:04:11,"b""#UnitedAirlines adds the South Pacific's most stunning tropical paradise to its growing list of new routes"""
2017-12-21 07:36:05,"b'Heading home for Christmas! Sucker for punishment, SAN-LAX-ORD-YYZ. #united #unitedairlines\xe2\x80\xa6 https://t.co/hRX1GQC8BL'"
2017-12-21 07:32:16,"b""If they turn #gogreyhound into #unitedAIRLINES I'm willing to fight to the death for my seat."""
2017-12-21 05:10:22,"b""Almost fucking died when my plane landed haha fuck everyone was screaming and shit I didn't think it was that bad t\xe2\x80\xa6 https://t.co/0pAlre49BL"""
2017-12-21 04:24:02,"b'Phoenix, Arizona to Montreal, Canada for only $287 roundtrip with United &amp;amp; Air Canada. #UnitedAirlines\xe2\x80\xa6 https://t.co/AlwvUZxzrT'"
2017-12-21 03:30:34,b'Nevada from above. #flightphoto #unitedairlines #friendlyskies #nevada #ipadpro #coasttocoast @\xe2\x80\xa6 https://t.co/5vP2TdkicD'
2017-12-21 03:09:40,b'Made it! Thanks United!! RT @cbsavage: @unitedairlines please tell UA4939 leaving IAD to wait. I\xe2\x80\x99m running!\xe2\x80\xa6 https://t.co/vRhrB0x34T'
2017-12-21 03:02:05,b'Biggest #travel story of 2017: the #UnitedAirlines beating and #bumping of Dr. David Dao. https://t.co/cdj97t2WEE'
2017-12-21 02:58:55,b'#unitedAIRLINES app keeps losing boarding passes. Started just this week. Huge problem. #globalservices'
2017-12-21 02:44:34,b'@unitedairlines please tell UA4939 leaving IAD to wait. I\xe2\x80\x99m running! #running #wanttogethome #unitedairlines #christmasmiracle'
2017-12-21 02:18:03,"b'Non-stop from San Francisco to Cancun, Mexico for only $297 roundtrip with United. #UnitedAirlines #SanFrancisco https://t.co/kDDtCT3mDp'"
2017-12-21 02:10:12,b'@Nick98808609 I can\xe2\x80\x99t believe #unitedairlines won\xe2\x80\x99t refund our money. Prefer we take our #infant to the #MiddleEast\xe2\x80\xa6 https://t.co/umIkX8oXgp'
2017-12-21 01:57:20,b'#unitedairlines refusing to refund our flight to Israel we had to cancel. Does this company ever do anything right?'
2017-12-21 01:44:18,b'Three and a half hours of #unitedAIRLINES telling us they need to borrow a tool from American Airlines to change a\xe2\x80\xa6 https://t.co/hL20NQrGBt'
2017-12-21 01:41:00,"b'Thanks for the mini heart attack #UnitedAirlines (and the workout, jogging across Newark), but my flight is definit\xe2\x80\xa6 https://t.co/OyJ55MKl8t'"
2017-12-21 01:24:29,b'I\xe2\x80\x99m happy that employee was happy he was allowed to talk back to loyal customers and get away with it while leaving\xe2\x80\xa6 https://t.co/CTq88YivWa'
2017-12-21 01:19:55,b'#UnitedAirlines is on the ball! Easy Breezy pick up from #LAX today from #SFO. Flight on time and pick up was easy.'
2017-12-21 01:08:35,"b'RT @1horriblemovie: Watching #HomeAlone2, Kevin gets lost in the Airport, boarded onto the wrong #unitedAIRLINES flight, and travels to New\xe2\x80\xa6'"
2017-12-21 00:19:39,"b'RT @1horriblemovie: Watching #HomeAlone2, Kevin gets lost in the Airport, boarded onto the wrong #unitedAIRLINES flight, and travels to New\xe2\x80\xa6'"
2017-12-21 00:11:45,"b'Watching #HomeAlone2, Kevin gets lost in the Airport, boarded onto the wrong #unitedAIRLINES flight, and travels to\xe2\x80\xa6 https://t.co/JJlEW3xqH9'"
2017-12-21 00:00:23,"b""RT @skygoflycom: United Star Alliance 'Queen' #unitedairlines #boeing #747 #queenoftheskies #planespotting #dontgo https://t.co/2THoOMtay3\xe2\x80\xa6"""
2017-12-20 23:46:30,"b""RT @skygoflycom: United Star Alliance 'Queen' #unitedairlines #boeing #747 #queenoftheskies #planespotting #dontgo https://t.co/2THoOMtay3\xe2\x80\xa6"""
2017-12-20 23:45:21,"b""United Star Alliance 'Queen' #unitedairlines #boeing #747 #queenoftheskies #planespotting #dontgo\xe2\x80\xa6 https://t.co/Jv7JMi1pNz"""
2017-12-20 22:16:26,b'RT @ThomasKotcheff: .@rossbryant and @Babywantscandy just sang carols at our gate! It\xe2\x80\x99s a Christmas miracle!!! \xf0\x9f\x98\x8d\xf0\x9f\x8e\x84 \xf0\x9f\x8e\xb6 #UnitedAirlines https:/\xe2\x80\xa6'
2017-12-20 22:16:10,b'@united Very disappointing flight!!Flight UA566 worst aircrew ever. 2.5 hours and coach got \xe2\x80\x9ca\xe2\x80\x9d water while fist cl\xe2\x80\xa6 https://t.co/GNaITktSHr'
2017-12-20 22:10:27,"b'Have been on hold for an hour waiting to speak with a rep at @united Airlines. This is sad customer service, especi\xe2\x80\xa6 https://t.co/3X4Ck1xkXU'"
2017-12-20 22:07:17,"b""Worst airport experience I've had in a while. People are so inconsiderate. My delayed #UnitedAirlines flight isn't\xe2\x80\xa6 https://t.co/39kvusRi9E"""
2017-12-20 21:39:33,b'Every one loves a window seat. #unitedairlines #somewhereovertheatlantic https://t.co/3XOx19Jxwk https://t.co/dzcukmyKNg'
2017-12-20 20:18:56,"b'@united ""We broke your expensive stroller."" Me: ""Fix or replace it."" @united ""Nope."" #unfriendlyskies\xe2\x80\xa6 https://t.co/nuiGSgbJUQ'"
2017-12-20 20:18:27,"b'@misterprotocol no, the mass hatred of UA or AA is unwarranted. their flight and ground crews do the damn-best they\xe2\x80\xa6 https://t.co/ym9wgrZTqs'"
2017-12-20 19:46:45,"b""Finally rebooked and arriving 5 hrs later but #unitedAIRLINES still hasn't provided all the vouchers we were promised."""
2017-12-20 19:23:47,b'Difference between an overbooked flight and an overcrowded classroom? Us teachers still give our students everythin\xe2\x80\xa6 https://t.co/66G3hGBlet'
2017-12-20 19:17:37,b'#unitedairlines customer service told us to file a complaint on their website = nothing is gonna happen... Never gi\xe2\x80\xa6 https://t.co/gz03Qz9L7B'
2017-12-20 19:15:15,b'New Trip Report coming soon! Kona - Los Angeles on @united @flyLAXairport #AvGeek #Aviation #TravelTuesday\xe2\x80\xa6 https://t.co/Gr2x1MTEwT'
2017-12-20 19:09:53,b'#UnitedAirlines will launch service to #Tahiti in 2018.\xf0\x9f\x91\x8d #travel #airlines\n#aircraft #flights\xe2\x80\xa6 https://t.co/t72nNEtugN'
2017-12-20 18:47:05,"b""*40 Standbys waiting to get on a flight* *agents let the plane leave with 10 open seats because they didn't want to\xe2\x80\xa6 https://t.co/e25l60HhyI"""
2017-12-20 18:45:53,b'Not to mention the fact that the manager and worker are trying to pawn off their mistake on the lady they are train\xe2\x80\xa6 https://t.co/3IeEm0X6oY'
2017-12-20 18:44:24,b'Currently being treated like crap by gate workers from #unitedairlines and their customer service. Not getting vouc\xe2\x80\xa6 https://t.co/KzlvsnMNVi'
2017-12-20 18:42:27,b'I liked a @YouTube video https://t.co/s5imCKNEGL Welcome to United Airlines! #NewUnitedAirlinesMottos #UnitedAirlines'
2017-12-20 18:28:46,"b'Was sexually harassed on @united flight late last night to BUF. 1 attendant was helpful, and man arrested at gate.\xe2\x80\xa6 https://t.co/9Qt4tTgvWU'"
2017-12-20 18:22:35,b'#Cheapflights on #JetBlue and #UnitedAirlines - https://t.co/jHPm9NPrbF\nRoundtrip to Fort Lauderdale from Chicago $\xe2\x80\xa6 https://t.co/pl9vajLDFL'
2017-12-20 18:18:03,b'United Airlines expands flights from Denver to Hawaii and Mexico #UnitedAirlines https://t.co/yYMO2NOK5j'
2017-12-20 17:45:00,b'#unitedairlines #united sucks thanks so much for selling half my seat to this guy I don\xe2\x80\x99t know! https://t.co/6ha3VcQmbF'
2017-12-20 17:26:29,b'@UnitedAirlines Sitting on floor in O\xe2\x80\x99Hare airport with a broken plane! Waiting to hear if we even have a departure\xe2\x80\xa6 https://t.co/98Hy2aA6rj'
2017-12-20 17:14:35,b'#UnitedAirlines ( $UAL ) expands flights from #Denver to #Hawaii and #Mexico. https://t.co/z7VUyAcYAC'
2017-12-20 16:58:19,"b'united airlines   treated horribly by United stranded 14 hours at the atlanta airport no power,no food,freezing , w\xe2\x80\xa6 https://t.co/qyBZgTDFmI'"
2017-12-20 16:52:18,b'@weareunited we had a nice surprise visit in our Lead meeting from the #DaBears - thanks you! #unitedAIRLINES https://t.co/wYecRVxv8l'
2017-12-20 16:27:00,"b'Thanks @united for a great experience from AUS to SFO last week. Not going to lie, I was a bit weary after the O\xe2\x80\x99Ha\xe2\x80\xa6 https://t.co/3eBblBaYw2'"
2017-12-20 16:16:27,b'RT @RTC_Hardcore: Boeing 767-300 @united departing to ORD #avgeek #aviation #aviationphotography #AviationLovers\xe2\x80\xa6 https://t.co/OV7D66DdQ0'
2017-12-20 15:58:35,b'Boeing 767-300 @united departing to ORD #avgeek #aviation #aviationphotography #AviationLovers #instaaviation\xe2\x80\xa6 https://t.co/q7cHqD3DUK'
2017-12-20 15:54:49,"b""Which airline has the most fattening airplane food? You'll be surprised! https://t.co/Kv2LuOInWG \xe2\x80\xa6 \n\n#avgeek\xe2\x80\xa6 https://t.co/iMx52v2Ko4"""
2017-12-20 15:54:33,b'Oh #unitedAIRLINES here we are again. Please tell the rude gate attendant for UA 4 in Heathrow that she could at le\xe2\x80\xa6 https://t.co/P9nC6k4tST'
2017-12-20 15:51:33,b'.@rossbryant and @Babywantscandy just sang carols at our gate! It\xe2\x80\x99s a Christmas miracle!!! \xf0\x9f\x98\x8d\xf0\x9f\x8e\x84 \xf0\x9f\x8e\xb6 #UnitedAirlines https://t.co/QToTd4sm1E'
2017-12-20 14:38:37,b'#UnitedAirlines just charged me $215 in baggage fees \xf0\x9f\x98\xa1. These people are freaking extortionists!!!'
2017-12-20 13:53:41,"b""RT @HamillHimself: We DID fly #UnitedAirlines! I'm pleased to report they couldn't have been nicer w/ not one person dragged kicking &amp; scre\xe2\x80\xa6"""
2017-12-20 13:52:28,"b'This was in the cheese and crackers snack pack. What the hell?  Swiss-""TYPE"" flavor? And ""Cheese FOOD""?  I was afra\xe2\x80\xa6 https://t.co/Z3AP6BbMUH'"
2017-12-20 13:15:21,b'@united at it again with poor customer service. No gate agent available when more than 10 travelers are at the gate\xe2\x80\xa6 https://t.co/ANxZBlL8rO'
2017-12-20 11:13:43,"b""#unitedAIRLINES  #nocustomerservice So the absolute BEST is when you're expecting your elderly mother in law to arr\xe2\x80\xa6 https://t.co/Ltv0HA7tkJ"""
2017-12-20 08:28:12,"b'@united were your seats designed for torture? 10-15 year old planes on international flights. Come on guys, this is\xe2\x80\xa6 https://t.co/2nZiHJRgeA'"
2017-12-20 08:10:44,"b""ok, i'm done with air travel for 2017. the tally is: UA: 152K miles, 59 segments, $23625 dollars; AA: 135K miles, 5\xe2\x80\xa6 https://t.co/OMrMTUTWoS"""
2017-12-20 07:55:35,"b'Special shout out to Carole Monville for being so incredibly kind, patient, and beyond helpful at @United LAX today\xe2\x80\xa6 https://t.co/aMv6gp5nRQ'"
2017-12-20 06:16:34,b'RT @WillAviation: Loading up at Denver for Honolulu. Video here!! https://t.co/NZxnrjlSJ3 #Honolulu #Hawaii\xe2\x80\xa6 https://t.co/kVO4FrzDBj'
2017-12-20 06:03:55,b'Loading up at Denver for Honolulu. Video here!! https://t.co/I2e8ep8JRj #Honolulu #Hawaii #UnitedStates\xe2\x80\xa6 https://t.co/8KtbuueTH6'
2017-12-20 05:31:42,"b'@united has to be the worst airline ever. My first flight of the day tomorrow takes me to gold status, but the issu\xe2\x80\xa6 https://t.co/BOtq7rdLE3'"
2017-12-20 05:14:54,b'Great experience (sarchasm) on #UnitedAirlines today. I pre-ordered a children meal and was not catered so my daugh\xe2\x80\xa6 https://t.co/wDJJTq8EDE'
2017-12-20 04:47:28,"b""RT @chamberlinCNN: I'm nearly 40 years old and still #MomAdvice is always #GOLD. #ThanksMom #unitedAIRLINES https://t.co/SluKTja2Dh"""
2017-12-20 03:58:39,b'@RahulKohli13 She could survive deep space but not a #unitedairlines flight https://t.co/G4ru1AI4Dr'
2017-12-20 03:14:55,b'Profound respect to #medical professionals. Ready at the drop of a call to administer aid. Saw it first hand on\xe2\x80\xa6 https://t.co/9BNgIzZ1sn'
2017-12-20 02:48:03,b'Philadelphia to Hong Kong for only $495 roundtrip with United #UnitedAirlines #HongKong https://t.co/wb4G2G6sGj'
2017-12-20 01:44:26,b'@united is utterly the absolute worst airline I have ever flown with in my life. I even flew first class. #unitedAIRLINES #worstairline'
2017-12-20 01:24:02,"b'Houston, Texas to San Jose Del Cabo, Mexico for only $182 roundtrip with United #UnitedAirlines #SanJose https://t.co/y5z4w5shzx'"
2017-12-20 01:20:09,b'Cheeky parallel landing in San Francisco #landing #timelapse #parrallel #unitedairlines #sfo @\xe2\x80\xa6 https://t.co/ErhajDT6eo'
2017-12-20 00:24:15,"b""@united Why u didn't give coupon codes for any food or drinks on a delay of 2h? Airplane is in maintenance. UA30 EW\xe2\x80\xa6 https://t.co/dXmhHk36DZ"""
2017-12-20 00:22:26,"b'Barbie Applegate, Lincoln Contreras, Linda in mileage plus, Marcia @ club in Newark, Brett in customer service and\xe2\x80\xa6 https://t.co/QkNd8yQaor'"
2017-12-19 23:30:04,b'Atlanta to Los Angeles (and vice versa) for only $147 roundtrip with United #UnitedAirlines #Atlanta https://t.co/lZkFZSZfnI'
2017-12-19 22:50:20,b'Ok #UnitedAirlines the second time you changed my seat to a seat by the bathroom. Booking six months in advance doe\xe2\x80\xa6 https://t.co/WzOcV4ZLiQ'
2017-12-19 22:45:34,"b'12/18:United gave my paid 1stclass seat(1A) on#788 to Sheila Jackson Lee. United:""not our fault,""but SJL escorted o\xe2\x80\xa6 https://t.co/grCsyhIQ7x'"
2017-12-19 22:28:41,b'@aircanada #vancouver #aircanada in the #snow \n.\n.\n.\n.\n.\n.\n.\n.\n#mileageplus #unitedairlines\xe2\x80\xa6 https://t.co/6E60tChr5p'
2017-12-19 22:21:35,b'#unitedAIRLINES my son missed the plane \xf0\x9f\x98\xa1 to come home. Knowing that people are stuck another state why couldn\xe2\x80\x99t yo\xe2\x80\xa6 https://t.co/b4Ets0nULY'
2017-12-19 22:21:16,"b'@united tweet number two. Spent 533,000 miles for a trip and only one guest allowed in club. #unitedAIRLINES #horribleservice'"
2017-12-19 22:00:22,"b'Can you see me (green), BYU student Bryn Watkins (red), Laura Kerber and Anezina Solomonidou atop this DEEP crater\xe2\x80\xa6 https://t.co/t98zLvGUrp'"
2017-12-19 21:41:31,b'United flight from Houston to Gulfport diverted to Jackson. United is putting assemblers on a 3 hour bus ride to Gu\xe2\x80\xa6 https://t.co/8LuMFouP5n'
2017-12-19 21:11:23,"b""Unsurprisingly, #UnitedAirlines' social media team were not interviewed for this story. https://t.co/pJ7eapBKzc"""
2017-12-19 20:57:34,b'Report to the board of supervisors on county airports. Suggested change of governance with an airport department un\xe2\x80\xa6 https://t.co/CJZ6wk2WxL'
2017-12-19 20:27:27,b'A military friend of mine is trying to get home from South Korea for Christmas and his wedding!  Military flight de\xe2\x80\xa6 https://t.co/ckTwHQ2wlF'
2017-12-19 19:43:17,"b'This is how United Airlines tests its planes, too!\n#TravelTuesday #MerryChristmas #unitedAIRLINES #FlySafe https://t.co/mdPfDmTqDN'"
2017-12-19 18:55:22,"b'Generating buzz 2 months later. A FA read about it on United Intranet and, in her words, ""was moved to tears.""  Che\xe2\x80\xa6 https://t.co/euSulHIVjU'"
2017-12-19 18:18:04,"b'SUMMER: Phoenix, Arizona to Hong Kong for only $510 roundtrip with United. #UnitedAirlines #Phoenix https://t.co/IuIrHRY1ez'"
2017-12-19 18:15:59,b'#justmyluck I was granted generous leg room and the row all to myself. #flythefriendlyskies #unitedairlines'
2017-12-19 17:58:16,b'The real MVP goes to all of the people in the insane #UnitedAirlines security line for letting me jump ahead! #Imadeit'
2017-12-19 17:54:46,"b""#tistheseason to fly #unitedAIRLINES if there was a fingers crossed emoji I'd use it in hopes of reaching gold stat\xe2\x80\xa6 https://t.co/yrfqWj9CZ5"""
2017-12-19 17:23:05,b'So Alexs flight is delayed 2 hours from NM to Denver. Because of that he misses his connecting flight home. United\xe2\x80\xa6 https://t.co/G8lqPUQkv8'
2017-12-19 17:13:19,b'Airfare shopper\xe2\x80\x99s guide: Insane #flightdeals to #Paris https://t.co/M6vTiqJNwo via @usatoday #americanairlines\xe2\x80\xa6 https://t.co/senLNj81lP'
2017-12-19 15:12:03,"b'Dublin, Ireland to Orlando, Florida for only \xe2\x82\xac313 roundtrip with Air Canada and United. #AirCanada #UnitedAirlines https://t.co/87ssWbhzX7'"
2017-12-19 14:58:29,b'#Cheapflights to Denver\nFrom Chicago or Detroit for $89\nAlso works in reverse - https://t.co/BypHXxsmPN\xe2\x80\xa6 https://t.co/OY9VutcN6c'
2017-12-19 14:29:00,b'Oh the things you find at the airport....maybe someone will get one for Christmas \xf0\x9f\x8e\x84 \xf0\x9f\x8e\x81\xe2\x80\xa6 https://t.co/R6spg4r1h3'
2017-12-19 14:20:32,"b""Whatever happened to United matching statuses? I'm Platinum Premier with Marriott and United dropped me from Gold t\xe2\x80\xa6 https://t.co/vJ5rOBgiHz"""
2017-12-19 12:30:53,b'RT @ngt_phoebe: Reconsider about booking my USA trip with United Airlines... somehow i do feel being racist \xf0\x9f\x99\x81 very sad #UnitedAirlines'
2017-12-19 12:15:07,b'#UnitedAirlines names Kate Gebo Executive Vice President Human Resources and Labor Relations'
2017-12-19 12:03:14,"b""#UnitedAirlines adds the South Pacific's most stunning tropical paradise to its growing list of new routes"""
2017-12-19 11:59:27,b'RT @jtwpilot: Boeing was one of the founders of #UnitedAirlines https://t.co/71DQVdYW7K'
2017-12-19 10:53:38,b'Two days after Atlanta problem I come to #unitedAIRLINES counter at 5am to be told they have no record of me for a flight. #delta (more)'
2017-12-19 07:09:57,"b'Started flying Saturday, got re-routed and stranded on Sunday, and I kid you not, the first thing I did Monday, \n(a\xe2\x80\xa6 https://t.co/fnKJhejbCo'"
2017-12-19 06:00:05,b'@UnitedAirlines You add Basic Economy to confuse and lure in customers?? You remove seating to add stupid tablets t\xe2\x80\xa6 https://t.co/21Ys2zf31M'
2017-12-19 04:58:03,b'#AmericanAirlines and #UnitedAirlines are cheap-shaming those who buy the lowest fares by denying them access to ov\xe2\x80\xa6 https://t.co/tra7RoT3Ls'
2017-12-19 03:54:15,b'new vlog \nNew home\nLink in bio #hawaii #unitedairlines https://t.co/WOpBBVqZ85'
2017-12-19 03:06:51,b'Boeing 777-300 United Airlines #boeing #boeing777 #unitedairlines #IAH #houston #aviationdaily @\xe2\x80\xa6 https://t.co/MMzZSxGdcE'
2017-12-19 01:53:46,b'There is NO benefit to a @united Mileage Plus Credit.  I booked with the card and tried to cancel 25 days before fl\xe2\x80\xa6 https://t.co/tOUt9szKRc'
2017-12-19 00:57:19,b'A collective 4+ hours on hold with @united \xe2\x80\x98s accessibility desk this week. Kinda fun at this point. What awful ser\xe2\x80\xa6 https://t.co/V7sxd8W19b'
2017-12-19 00:47:40,b'Dreamliner take us home #unitedAIRLINES #787 # https://t.co/Lpaerc6qiH'
2017-12-19 00:38:25,b'RT @jtwpilot: Boeing was one of the founders of #UnitedAirlines https://t.co/71DQVdYW7K'
2017-12-19 00:35:07,b'.@Forbes has rounded up insights from twenty three #PR experts regarding some of the most important public relation\xe2\x80\xa6 https://t.co/HZLlAmaXHG'
2017-12-19 00:31:33,b'RT @jtwpilot: Boeing was one of the founders of #UnitedAirlines https://t.co/71DQVdYW7K'
2017-12-19 00:13:07,b'@EWRairport what is wrong with the AirTran? We have been stuck for a half hour #ewrairport #ewr @united please wait\xe2\x80\xa6 https://t.co/7HoY8KtKSi'
2017-12-19 00:01:51,b'RT @IsthatMeebs: #UnitedAirlines is the absolute worst.  Flight delayed part 47281736'
2017-12-18 23:30:13,"b'@united My friend was just threatened with #physicalassault at #DCA, gates 15-22 by your employee, George Bowers.\xe2\x80\xa6 https://t.co/nlPwNinRJD'"
2017-12-18 23:29:43,b'I got myself from GA to ALASKA and back again without panicking despite an overnight delay due to the\xe2\x80\xa6 https://t.co/YdP7BOn8H3'
2017-12-18 22:30:37,"b'#unitedairlines get your act together, instead of explaining the situation, you made me run around and then said th\xe2\x80\xa6 https://t.co/UvNkeqdxet'"
2017-12-18 22:28:48,"b'#unitedairlines #shittiest airline ever. Horrible customer service at Huston Airport, lady is rude and just wants to not do a service.'"
2017-12-18 22:21:55,b'Work flow #unitedairlines #globalservices #newarkairport @ United Airlines Term C Newark Liberty\xe2\x80\xa6 https://t.co/6XSyrbDnDM'
2017-12-18 21:59:44,b'RT @NaturallyChase: Had to post #unitedairlines #united #lol #brother #fightforyourlife https://t.co/XMFQjOwpvZ'
2017-12-18 21:42:05,"b""RT @survivor_bob: Thank you Michele for a great flight on #unitedAIRLINES. Now I'm back in the Great State of Maine playing in the woods in\xe2\x80\xa6"""
2017-12-18 21:37:56,"b""Thank you Michele for a great flight on #unitedAIRLINES. Now I'm back in the Great State of Maine playing in the wo\xe2\x80\xa6 https://t.co/QZr1iCcn9m"""
2017-12-18 21:22:39,"b'Search, compare and book your #Christmasflight with us and get instant 35USD cash back offers. CAll on 1800-825-703\xe2\x80\xa6 https://t.co/eXDOdBfWzT'"
2017-12-18 20:51:24,b'@jglucker @united I bet that #unitedairlines will take good care of you.'
2017-12-18 20:41:59,"b'RT @abamba: Not enough seating, prepare for beating!!!\r#unitedairlines #united #united3411\r https://t.co/j0dnZbcxLk'"
2017-12-18 19:48:04,"b'Baltimore/Washington DC to Bogota, Colombia for only $332 roundtrip with United. #UnitedAirlines #Baltimore https://t.co/pTEOoCSW5u'"
2017-12-18 19:10:16,b'RT @jtwpilot: Boeing was one of the founders of #UnitedAirlines https://t.co/71DQVdYW7K'
2017-12-18 19:03:46,b'RT @tonilynn22: So I will never fly #unitedairlines again! My bag was checked to make sure it was the correct size when I... https://t.co/D\xe2\x80\xa6'
2017-12-18 18:53:38,b'RT @AlcantaraLorena: I have never been so disrespected in my life!!@united #UnitedAirlines'
2017-12-18 18:51:11,b'RT @IsthatMeebs: #UnitedAirlines is the absolute worst.  Flight delayed part 47281736'
2017-12-18 18:50:40,b'Now it seems that the #unitedAIRLINES does not know what to do ... #avoidunitedairlines'
2017-12-18 18:32:08,b'Words can not express how frightened I am right now...\n@United please take care of me and Harley this evening \xf0\x9f\x98\xad\xf0\x9f\x98\xad\xf0\x9f\x98\xad\xe2\x80\xa6 https://t.co/Cg4ZlaJKXQ'
2017-12-18 17:53:07,b'#unitedAIRLINES \nThe baggage clerk at MCI needs some extra training. He was plenty courteous but hearing \xe2\x80\x9cit doesn\xe2\x80\x99\xe2\x80\xa6 https://t.co/HqyVMz4e2k'
2017-12-18 17:52:08,b'Thank you @united so much for reuniting a family for Christmas! We appreciate the hours of work this took!\xe2\x80\xa6 https://t.co/V0zSHarwZl'
2017-12-18 17:46:30,"b""RT @skygoflycom: United Star Alliance 'Queen' #unitedairlines #boeing #747 #queenoftheskies #planespotting #dontgo https://t.co/2THoOMtay3\xe2\x80\xa6"""
2017-12-18 17:45:16,"b""United Star Alliance 'Queen' #unitedairlines #boeing #747 #queenoftheskies #planespotting #dontgo\xe2\x80\xa6 https://t.co/Q8vrjygzVc"""
2017-12-18 17:34:22,b'RT @aliktareen: A message for #UnitedAirlines from Pakistan https://t.co/IGIEetPgOH'
2017-12-18 17:07:41,b'#UnitedAirlines is the absolute worst.  Flight delayed part 47281736'
2017-12-18 16:50:50,b'Thank you #UnitedAirlines for a smooth and friendly start to my morning at LAX and for the early morning Christmas\xe2\x80\xa6 https://t.co/mgI4rZRQdt'
2017-12-18 16:48:32,b'Boeing was one of the founders of #UnitedAirlines https://t.co/71DQVdYW7K'
2017-12-18 15:39:14,b'I have never been so disrespected in my life!!@united #UnitedAirlines'
2017-12-18 15:31:52,b'#unitedAIRLINES - flight   5588 was supposed to arrive to Monterrey yesterday no we are trapped in Harlingen suppos\xe2\x80\xa6 https://t.co/YwXp3TkhIq'
2017-12-18 15:30:28,"b'MFE \xe2\x86\x94\xef\xb8\x8f IAH @united 5 times per day, seven days a week #flymcallen #Houston #Texas #unitedAIRLINES \xe2\x9c\x88\xef\xb8\x8f'"
2017-12-18 15:27:06,b'@united #B757  #premiumservice snack @flyLAXairport to #EWR https://t.co/QkuQsLF3kq #avgeek #Aviation #avgeeks\xe2\x80\xa6 https://t.co/4pCkEX4V40'
2017-12-18 15:24:02,b'So you book your vacation ahead of time to spend X amount of days with yoru family. United Airlines screws up fligh\xe2\x80\xa6 https://t.co/tmILxSoo2M'
2017-12-18 15:15:11,b'#DoYouKnow how to #Safely #Travel with #Lithium #Batteries \xe2\x80\x93 View video at https://t.co/Og32qGvj2F #Airplane\xe2\x80\xa6 https://t.co/WBicPQdl8O'
2017-12-18 14:22:47,"b""Never cry over losing someone that couldn't even be honest with you. Cry over being stuck in an airport during a fa\xe2\x80\xa6 https://t.co/WdWbEEUrQv"""
2017-12-18 14:15:06,b'#Holiday #Travel #Safety \xe2\x80\x93 #Prepare an #Airport #Emergency Plan by viewing the videos at https://t.co/N6wH95O8AH\xe2\x80\xa6 https://t.co/RwD4HtLhZp'
2017-12-18 13:32:44,"b""Really United Airlines, it's a good idea to change my seats and move me away from my children, one who has special\xe2\x80\xa6 https://t.co/mbmeM692Pt"""
2017-12-18 13:08:10,b'on hold for 20 min waiting for a supervisor... #unitedAIRLINES #youneedtofixthis'
2017-12-18 12:25:05,b'@samsaspeedy @united #unitedAIRLINES Still no response from their customer service and no refund :('
2017-12-18 12:23:41,b'Part 4. @united I know you\xe2\x80\x99re better than this... \n\n#Travel #TravelWriter #UnitedAirlines'
2017-12-18 12:04:59,"b'Breaking: Atlanta Airport is still out of power after nearly five hours. #SouthwestAirlines, Jet Blue,\xe2\x80\xa6 https://t.co/r7F7ZGt7Jk'"
2017-12-18 11:05:00,b'Flying to Tahiti is About to Get Easier &amp; Possibly Cheaper: https://t.co/yvc51aMVWu #Travel #TravelIdeas\xe2\x80\xa6 https://t.co/Zj107U5y67'
2017-12-18 10:20:18,b'#UnitedAirlines names Kate Gebo Executive Vice President Human Resources and Labor Relations'
2017-12-18 10:10:37,"b""#UnitedAirlines adds the South Pacific's most stunning tropical paradise to its growing list of new routes"""
2017-12-18 09:24:29,b'RT @UnitedFlyerHD: United B757-200 (N12125) lining up on Houston IAH 33L \n#avgeek #boeing #boeing757 #boeinglovers #UnitedAirlines https://\xe2\x80\xa6'
2017-12-18 07:56:36,b'@NinSwitchNews Can I fly with Nintendo Switch in #UnitedAirlines ??? International (USA to Mexico)'
2017-12-18 06:59:06,"b""RT @HamillHimself: We DID fly #UnitedAirlines! I'm pleased to report they couldn't have been nicer w/ not one person dragged kicking &amp; scre\xe2\x80\xa6"""
2017-12-18 06:16:17,b'RT @patstravelrevu: From @United #UnitedClub #B737 900 @flyLAXairport to #SFO https://t.co/Udbqmb9MTG #avgeek\xe2\x80\xa6 https://t.co/wy4OfTKs05'
2017-12-18 06:16:14,b'RT @patstravelrevu: @united #SAN &amp; #LAX #UnitedClub nice #hotchocolate bar &amp; brownies @flyLAXairport\xe2\x80\xa6 https://t.co/TV0XUV5uil'
2017-12-18 06:06:03,b'From @United #UnitedClub #B737 900 @flyLAXairport to #SFO https://t.co/QkuQsLWEbY #avgeek #Aviation #Avgeeks\xe2\x80\xa6 https://t.co/cmByIs1vnd'
2017-12-18 05:54:02,b'Non-stop from New York to the Turks and Caicos for only $261 roundtrip with United #UnitedAirlines #NewYork https://t.co/haEcFYSBqF'
2017-12-18 05:53:18,b'@united #SAN &amp; #LAX #UnitedClub nice #hotchocolate bar &amp; brownies @flyLAXairport https://t.co/QkuQsLWEbY #avgeek\xe2\x80\xa6 https://t.co/mOgqV8G7zZ'
2017-12-18 05:18:03,"b'Las Vegas to Shanghai, China for only $448 roundtrip with United #UnitedAirlines #Shanghai https://t.co/8PCJxeiGoF'"
2017-12-18 04:37:19,"b'Good news for #Delta, #UnitedAirlines passengers.  But half the airport still dark, including international concour\xe2\x80\xa6 https://t.co/boZ0eNT9Xq'"
2017-12-18 04:09:59,b'Only #UnitedAirlines flies to Aldovia #christmasprince'
2017-12-18 00:51:15,b'Retweet if you think the legendary @toddbarry would make an amazing #unitedAIRLINES customer service rep'
2017-12-18 00:36:07,b'#ATLairport lost power. My mom &amp; 3yr old daughter waited for hours. They had to leave &amp; drive to another state to g\xe2\x80\xa6 https://t.co/oG1nxDaw64'
2017-12-17 23:52:11,"b""RT @ariawebb19: non-refundable airline tickets are the most ridiculous concept I've ever been inconvenienced with #UnitedAirlines @united"""
2017-12-17 23:42:02,b'OK so my son\xe2\x80\x99s flight out of Atlanta to New York was canceled tonight now what? How do we get him rescheduled for t\xe2\x80\xa6 https://t.co/hA71iz23Oe'
2017-12-17 23:00:08,b'@united so now they sent us all to another gate to wait for another aircraft and there is no one in the counter who\xe2\x80\xa6 https://t.co/99aiVoECqP'
2017-12-17 22:46:50,b'When you are tight on money and your granddaughter is having surgery sometimes basic is all you can afford.  #unitedAIRLINES'
2017-12-17 22:43:31,b'@united Seriously??? I could have been sleeping in bed all day! When is this aircraft arriving? Already missed my c\xe2\x80\xa6 https://t.co/HPQjebEEur'
2017-12-17 22:27:41,b'RT @UnitedFlyerHD: United B757-200 (N12125) lining up on Houston IAH 33L \n#avgeek #boeing #boeing757 #boeinglovers #UnitedAirlines https://\xe2\x80\xa6'
2017-12-17 22:17:02,"b""#unitedAIRLINES Good thing I'm in no rush for my luggage today. MSY"""
2017-12-17 22:10:54,b'RT @scotoirish: #unitedAIRLINES  I will avoid flying with United Airlines in the future in protest!'
2017-12-17 21:58:59,"b'Sitting on a full plane, waiting to push back and the captain admits we are 100 mins delayed because ""corporate dec\xe2\x80\xa6 https://t.co/9BxZBwkWs7'"
2017-12-17 21:50:26,b'So I will never fly #unitedairlines again! My bag was checked to make sure it was the correct size when I... https://t.co/DY7b4zezyH'
2017-12-17 21:46:30,b'@AmericanAir part of the Consumer Fuckers of America. Do yourself a favor and don\xe2\x80\x99t fly #AmericanAirlines Fly\xe2\x80\xa6 https://t.co/dfofffE7S6'
2017-12-17 21:35:10,b'Congratulations #UnitedAirlines #AmericanAirlines and those other #airlinecarriers who have not been mentioned in t\xe2\x80\xa6 https://t.co/ChDvUvQNNe'
2017-12-17 21:18:59,b'United | CRJ 700 | N779SK \n#unitedairlines #unitedexpress #crj #crj700 #lax #losangeles #landing #plane #planes\xe2\x80\xa6 https://t.co/XBGfFRJ82z'
2017-12-17 21:17:04,b'RT @UnitedFlyerHD: United B757-200 (N12125) lining up on Houston IAH 33L \n#avgeek #boeing #boeing757 #boeinglovers #UnitedAirlines https://\xe2\x80\xa6'
2017-12-17 21:05:37,b'@MiaFarrow @robreiner @spectatorindex Our 33rd blog post at https://t.co/Jj8E0U3hDz was called:  \n\nThe #Callousness\xe2\x80\xa6 https://t.co/R5OCOotYmt'
2017-12-17 20:54:29,b'As a premium member I can tell you NEVER fly @AmericanAir the absolute worst airline. #AmericanAirlines sucks! I\xe2\x80\x99ll\xe2\x80\xa6 https://t.co/JV4GJS7hGp'
2017-12-17 20:08:08,b'So upset with the lack of cleanliness of #UnitedAirlines. Barely a simple wipe of back of seat/carpet between fligh\xe2\x80\xa6 https://t.co/emEJ0WNVqY'
2017-12-17 19:54:03,"b'Atlanta to Vancouver, Canada for only $275 roundtrip with United. #UnitedAirlines #Atlanta https://t.co/GxkI4SPvjh'"
2017-12-17 19:44:13,b'RT @UnitedFlyerHD: United B757-200 (N12125) lining up on Houston IAH 33L \n#avgeek #boeing #boeing757 #boeinglovers #UnitedAirlines https://\xe2\x80\xa6'
2017-12-17 18:38:44,b'Airline ticket shenanigans: United shows two different fares online and over the phone. Keep refreshing to get the\xe2\x80\xa6 https://t.co/Fb5CaI979e'
2017-12-17 17:06:52,b'No it turns out seat was a OK. Over zealous purser arguing with maintenance foreman. Worst airline ever? #UnitedAirlines'
2017-12-17 17:06:02,"b'Atlanta to Vancouver, Canada for only $275 roundtrip with United. #UnitedAirlines #Atlanta https://t.co/W5Cfi03xko'"
2017-12-17 16:54:27,b'I\xe2\x80\x99m a 1K. Sitting on a 757 heading for Maui. 1 bathroom in coach out of order. Now a 45 minute delay for a broken s\xe2\x80\xa6 https://t.co/WCruSY8F38'
2017-12-17 16:13:06,b'Smithereens playing #UnitedAirlines terminal #newarkairport. Clearly the end is nigh. #smithereens #airtravel'
2017-12-17 15:47:39,b'RT @JaspreetTravels: Greetings from #Frankfurt \xf0\x9f\x87\xa9\xf0\x9f\x87\xaa\xe2\x9c\x88\xef\xb8\x8f\xef\xb8\x8f\n\n#beingunited #unitedairlines @weareunited https://t.co/uUNbr9umcP'
2017-12-17 15:31:24,b'RT @AmbitiousTC: every single person that I came in contact with today that works for #unitedAIRLINES seems to be miserable as hell'
2017-12-17 15:05:52,"b""RT @HamillHimself: We DID fly #UnitedAirlines! I'm pleased to report they couldn't have been nicer w/ not one person dragged kicking &amp; scre\xe2\x80\xa6"""
2017-12-17 15:05:52,"b""RT @HamillHimself: We DID fly #UnitedAirlines! I'm pleased to report they couldn't have been nicer w/ not one person dragged kicking &amp; scre\xe2\x80\xa6"""
2017-12-17 15:03:25,"b""RT @HamillHimself: We DID fly #UnitedAirlines! I'm pleased to report they couldn't have been nicer w/ not one person dragged kicking &amp; scre\xe2\x80\xa6"""
2017-12-17 14:59:09,b'every single person that I came in contact with today that works for #unitedAIRLINES seems to be miserable as hell'
2017-12-17 12:12:05,"b'Never again will fly #UnitedAirlines everyone was rude saying they ""don\'t care if I make my flight"" &amp; got a door sl\xe2\x80\xa6 https://t.co/mXVMKkyqut'"
2017-12-17 11:17:09,b'RT @UnitedFlyerHD: United B757-200 (N12125) lining up on Houston IAH 33L \n#avgeek #boeing #boeing757 #boeinglovers #UnitedAirlines https://\xe2\x80\xa6'
2017-12-17 11:14:33,"b""RT @HamillHimself: We DID fly #UnitedAirlines! I'm pleased to report they couldn't have been nicer w/ not one person dragged kicking &amp; scre\xe2\x80\xa6"""
2017-12-17 11:14:16,b'RT @UnitedFlyerHD: United B757-200 (N12125) lining up on Houston IAH 33L \n#avgeek #boeing #boeing757 #boeinglovers #UnitedAirlines https://\xe2\x80\xa6'
2017-12-17 11:05:35,b'#UnitedAirlines last time I book my daughters flight home with you. Thanks for adding to the stress.'
2017-12-17 10:36:02,"b'Chicago to Manila, Philippines for only $518 roundtrip with United #UnitedAirlines #Manila https://t.co/d6ecp5JpAk'"
2017-12-17 09:42:42,b'Greetings from #Frankfurt \xf0\x9f\x87\xa9\xf0\x9f\x87\xaa\xe2\x9c\x88\xef\xb8\x8f\xef\xb8\x8f\n\n#beingunited #unitedairlines @weareunited https://t.co/uUNbr9umcP'
2017-12-17 08:50:30,"b'trying to buy a plane ticket, and translate this rare language: COMBINABILITY - FARE RULES TEXT DOUBLE OPEN JAWS...\xe2\x80\xa6 https://t.co/iZd772gIj8'"
2017-12-17 05:42:11,"b'Today, I had a unique experience with #unitedAIRLINES.They served everyone with hot meals (we could even choose bet\xe2\x80\xa6 https://t.co/BHJ77ZKdqi'"
2017-12-17 04:18:02,b'Flying to Tahiti is about to get easier \xe2\x80\x94 and possibly cheaper #UnitedAirlines https://t.co/sfuCEMuDP9'
2017-12-17 03:26:31,b'RT @UnitedFlyerHD: United B757-200 (N12125) lining up on Houston IAH 33L \n#avgeek #boeing #boeing757 #boeinglovers #UnitedAirlines https://\xe2\x80\xa6'
2017-12-17 02:48:11,b'RT @UnitedFlyerHD: United B757-200 (N12125) lining up on Houston IAH 33L \n#avgeek #boeing #boeing757 #boeinglovers #UnitedAirlines https://\xe2\x80\xa6'
2017-12-17 02:40:01,b'RT @UnitedFlyerHD: United B757-200 (N12125) lining up on Houston IAH 33L \n#avgeek #boeing #boeing757 #boeinglovers #UnitedAirlines https://\xe2\x80\xa6'
2017-12-17 02:29:20,b'RT @UnitedFlyerHD: United B757-200 (N12125) lining up on Houston IAH 33L \n#avgeek #boeing #boeing757 #boeinglovers\xe2\x80\xa6 https://t.co/cqUK7IQDIG'
2017-12-17 02:20:04,b'RT @UnitedFlyerHD: United B757-200 (N12125) lining up on Houston IAH 33L \n#avgeek #boeing #boeing757 #boeinglovers #UnitedAirlines https://\xe2\x80\xa6'
2017-12-17 02:11:03,b'United B757-200 (N12125) lining up on Houston IAH 33L \n#avgeek #boeing #boeing757 #boeinglovers #UnitedAirlines https://t.co/JczsdcFai5'
2017-12-17 02:07:02,"b'Missed call from Vegas... great, who\xe2\x80\x99s drunk dialing to tell me I ain\xe2\x80\x99t sh#!... Turns out to be United Airlines Cus\xe2\x80\xa6 https://t.co/8sE0v110Bs'"
2017-12-17 01:42:14,b'Surprised that I have to pay $25 to check in luggage on my domestic leg after landing in SFO from Auckland.\xe2\x80\xa6 https://t.co/Dr45DdHfVc'
2017-12-17 01:31:37,b'2 hr delay for the #EWR to #MEX flight from @united I can\xe2\x80\x99t remember theist time a UA flight was on time!\xe2\x80\xa6 https://t.co/Yubtg7T2mX'
2017-12-17 01:10:24,"b'So far, #unitedAIRLINES has horrible cust service. I will start paying extra to fly #SouthwestAirlines. Rude &amp; inconsiderate.'"
2017-12-17 00:51:11,"b'RT @Tombol: #UnitedAirlines cancels flights in and out of #SantaBarbara, but airport remains open. Other weekend events cancelled.\nhttps://\xe2\x80\xa6'"
2017-12-17 00:43:52,b'United jet with Salt Lake City mountains in the background...\n#flying #airport #unitedairlines\xe2\x80\xa6 https://t.co/QC5EtPiQJW'
2017-12-17 00:22:46,b'Surprised that I have to pay $25 to check in luggage on my domestic leg after landing in SFO from Auckland.\xe2\x80\xa6 https://t.co/XOJwmdz33h'
2017-12-17 00:19:33,b'@united ...we should be all boarded For flight 643! #UnitedAirlines #letsgo'
2017-12-16 23:41:02,"b'Because I\xe2\x80\x99m traveling on basic economy, I needed a @united representative to confirm that I don\xe2\x80\x99t have a carry on!\xe2\x80\xa6 https://t.co/7vSOKocV3h'"
2017-12-16 23:39:36,b'RT @TACGAirSafety: #UnitedAirlines to fly to #Tahiti https://t.co/auqBpf1CBe'
2017-12-16 23:39:01,b'RT @KSBY: #UnitedAirlines cancels Saturday flights from SB Airport. @SBAirport \nhttps://t.co/3HZKOdF5os'
2017-12-16 23:34:51,b'#UnitedAirlines to fly to #Tahiti https://t.co/auqBpf1CBe'
2017-12-16 22:18:03,b'United Airlines to Launch New Routes to the South Pacific #UnitedAirlines https://t.co/cY9akJ5pNn'
2017-12-16 22:14:34,b'Where is the banana pepper option?!? #UnitedAirlines https://t.co/lFTYVgJjT1'
2017-12-16 21:46:55,"b'#UnitedAirlines cancels flights in and out of #SantaBarbara, but airport remains open. Other weekend events cancell\xe2\x80\xa6 https://t.co/ovIu0PX7Ad'"
2017-12-16 21:46:55,"b'#UnitedAirlines cancels flights in and out of #SantaBarbara, but airport remains open. Other weekend events cancell\xe2\x80\xa6 https://t.co/E1kjTOSDY6'"
2017-12-16 21:46:55,"b'#UnitedAirlines cancels flights in and out of #SantaBarbara, but airport remains open. Other weekend events cancell\xe2\x80\xa6 https://t.co/eRGQhcnUkS'"
2017-12-16 21:27:35,b'#UnitedAirlines cancels Saturday flights from SB Airport. @SBAirport \nhttps://t.co/3HZKOdF5os'
2017-12-16 20:22:50,b'#UnitedAirlines your agent at gate C102 in #EWR around 2:00pm was phenomenal.  I came in on a flight from Chicago a\xe2\x80\xa6 https://t.co/9JPvOzb7v4'
2017-12-16 20:04:39,"b""All airlines during #emergencies even if it's #medical refuse to help &amp; just pass the buck treat #passengers like d\xe2\x80\xa6 https://t.co/MQwgWAWRTG"""
2017-12-16 18:13:04,b'Thanks #UnitedAirlines and the agent at gate 73 in Denver w glasses.  I made my flight'
2017-12-16 16:35:12,"b'@united more than 1 hour delay on your flight for a ""maintenance check"" (that shouldn\'t been happening  there) is c\xe2\x80\xa6 https://t.co/MFZZyQUcH3'"
2017-12-16 16:06:11,b'Cookies for breakfast. #UnitedAirlines #Stroopwafel #illy https://t.co/VFw2trXzIj'
2017-12-16 14:37:28,"b""I used to see such cool things on the ramp. Here's a United 737-900 #United #UnitedAirlines\xe2\x80\xa6 https://t.co/7Nd3b21paE"""
2017-12-16 14:03:16,b'Why is air travel the only industry that can torture its customers and provide subpar service without repercussions\xe2\x80\xa6 https://t.co/IGte3sK78U'
2017-12-16 13:48:19,"b'I\xe2\x80\x99ve flown exclusively with @united since 2006. I\xe2\x80\x99m done flying for 2017 with 120,896 miles &amp; I\xe2\x80\x99m short $163 PQD to\xe2\x80\xa6 https://t.co/XQjfTL9gbY'"
2017-12-16 10:16:22,b'RT @UnitedFlyerHD: United B777-200ER N78017 lining up on Houston IAH 33L \n#avgeek #boeing #boeing777 #staralliance #UnitedAirlines #triple7\xe2\x80\xa6'
2017-12-16 10:12:20,b'@united Why is it that my 9:25am flight from France to NWK was delayed to 3:00pm yet the airplane is still in NWK?\xe2\x80\xa6 https://t.co/qSGouunyMM'
2017-12-16 08:14:58,b'RT @UnitedFlyerHD: United B777-200ER N78017 lining up on Houston IAH 33L \n#avgeek #boeing #boeing777 #staralliance #UnitedAirlines #triple7\xe2\x80\xa6'
2017-12-16 07:51:31,b'#unitedairlines\nWorst airlines !\nLittle information cancelled flight after two plane changes and 9 hour wait'
2017-12-16 07:49:46,b'#unitedairlines two planes with mechanical failure 9 hours later still on plane with little info but middle of the\xe2\x80\xa6 https://t.co/0HcK84FnFa'
2017-12-16 07:48:58,b'Regranned from planespotterfin  -  United airlines b737-900ER \xe2\x98\x80\xef\xb8\x8f\xf0\x9f\x91\x8c\n.\n.\n.\n#united #unitedairlines\xe2\x80\xa6 https://t.co/MPNFnmyCuT'
2017-12-16 07:34:19,b'#UnitedAirlines disastrous customer service. United employee denied us boarding for a flight to NZ that was still boarding with empty seats!'
2017-12-16 04:36:19,b'.@united shockingly bad customer service when a passenger is not notified they have been bumped &amp; put on a new flig\xe2\x80\xa6 https://t.co/Xgwewrj0pS'
2017-12-16 03:08:35,"b'If Snakes on a Plane were to really happen, I\xe2\x80\x99ll bet it would be a #UnitedAirlines flight. #suckadickunited'"
2017-12-16 02:49:42,"b'Another day, another plane. #onthetarmac #unitedairlines #tinyplane #Denver #Colorado\xe2\x80\xa6 https://t.co/NuBqXdAvUE'"
2017-12-16 02:40:18,b'@AmericanAir @AmericanAir it\xe2\x80\x99s a real problem when the 7:30 flight arrives before the 4:30 flight. Where is your cu\xe2\x80\xa6 https://t.co/kkxoZAJWd5'
2017-12-16 02:39:50,"b'RT @DrWu_RHUL: It\'s never truly random; it\'s what ""they"" (?) put into the algorithm. #algorithm #UnitedAirlines \nhttps://t.co/RzXJxw2GZv vi\xe2\x80\xa6'"
2017-12-16 02:14:02,b'@united wants to sit my four-year-old son at the back of the plane and me at the front. Never mind I bought these t\xe2\x80\xa6 https://t.co/qvM4FL2FHK'
2017-12-16 02:10:27,b'RT @Balancet: #UnitedAirlines: you kept your 100% flights delayed quota. Use this experience and prepare water for people sitting 80min in\xe2\x80\xa6'
2017-12-16 01:49:22,b'https://t.co/G9heSi4XMO\n#ProjectMockingBird has been a direct threat to #USA #Citizens\n#UnitedAirLines{#UA} stock s\xe2\x80\xa6 https://t.co/EudU0FTXcB'
2017-12-16 01:38:44,"b""You'd think airlines would understand by now that loading passengers from back to front would be the most organized\xe2\x80\xa6 https://t.co/VTn88mXrwV"""
2017-12-16 01:21:57,"b'Team united, the below does show at your website and your rep says it\xe2\x80\x99s a system glitch...Common !!!#unitedAIRLINES\xe2\x80\xa6 https://t.co/tM6drWtKkQ'"
2017-12-16 00:57:41,b'RT @BrianGPowell: https://t.co/G9heShNmoe\n#ProjectMockingBird has been a direct threat to #USA #Citizens\n#UnitedAirLines{#UA} stock shorted\xe2\x80\xa6'
2017-12-16 00:54:03,"b'SUMMER: Belize City, Belize to Washington DC, USA for only $326 USD roundtrip with United. #UnitedAirlines\xe2\x80\xa6 https://t.co/y7nEwFU7I5'"
2017-12-16 00:42:37,b'#unitedAIRLINES  son\xe2\x80\x99s flatbed in business class was broken on flight #179 a 16 hour flight. $200 compensation is seriously lacking!'
2017-12-16 00:36:30,b'Playing trivia with the flight attendants at the airport because our flight is 3 hours late. #unitedAIRLINES'
2017-12-16 00:18:03,b'Flying to Tahiti is about to get easier \xe2\x80\x94 and possibly cheaper #UnitedAirlines https://t.co/5b04F9i2XA'
2017-12-16 00:16:10,b'Another #unitedAIRLINES flight where the entertainment equipment doesn\xe2\x80\x99t work on a flight that has been delayed for\xe2\x80\xa6 https://t.co/50x2ylqnrc'
2017-12-16 00:03:20,"b'RT @TheDirtyPuddle: And #UnitedAirlines is the worst airline since, uh, Phantom Menace.'"
2017-12-15 23:59:44,b'RT @UnitedFlyerHD: United B777-200ER N78017 lining up on Houston IAH 33L \n#avgeek #boeing #boeing777 #staralliance #UnitedAirlines #triple7\xe2\x80\xa6'
2017-12-15 23:33:36,"b'As a long time @united Global Services customer, would love to see Channel 9/ATC brought back. A real differentiato\xe2\x80\xa6 https://t.co/OhMQL3yheC'"
2017-12-15 23:32:59,"b'#unitedAIRLINES  SUCK!I am on a plane since 4pm and it\xe2\x80\x99s 6\xe2\x80\x9930pm.Waiting for to depart. Not their fault I get it, it\xe2\x80\xa6 https://t.co/fCZo0nTR7Q'"
2017-12-15 23:14:01,"b'Waiting at Newark Airport, trying to get home. Absolute fail #unitedAIRLINES plane was ready and they took our crew\xe2\x80\xa6 https://t.co/yELk3ksiua'"
2017-12-15 22:48:31,b'RT @UnitedFlyerHD: United B777-200ER N78017 lining up on Houston IAH 33L \n#avgeek #boeing #boeing777 #staralliance #UnitedAirlines #triple7\xe2\x80\xa6'
2017-12-15 21:54:06,b'@Glencore #JeffBezos says \xe2\x80\x9cwhat kills big companies is unhealthy adherence to processes....just ask #UnitedAirlines'
2017-12-15 21:00:05,b'@united 4 days have passed since I arrived in #ElSalvador and still haven\xe2\x80\x99t got my luggage ...\xf0\x9f\x91\x8f\xf0\x9f\x8f\xbb\xf0\x9f\x91\x8f\xf0\x9f\x8f\xbb\xf0\x9f\x91\x8f\xf0\x9f\x8f\xbb #unitedAIRLINES'
2017-12-15 20:45:46,"b'And #UnitedAirlines is the worst airline since, uh, Phantom Menace.'"
2017-12-15 20:31:57,b'@united can suck a greasy duck! Worst flight experience in the history of aviation. #Fascism #UnitedAirlines #nazi #horror'
2017-12-15 19:17:01,b'RT @patstravelrevu: #UnitedAirlines #ArrivalsLounge Reviews https://t.co/Ish5ZzPlhC #avgeek #aviation #avgeek #United #UAL #UA #airportLoun\xe2\x80\xa6'
2017-12-15 19:15:07,b'RT @patstravelrevu: #UnitedAirlines #ArrivalsLounge Reviews https://t.co/Ish5ZzPlhC #avgeek #aviation #avgeek #United #UAL #UA #airportLoun\xe2\x80\xa6'
2017-12-15 19:10:56,b'#UnitedAirlines #ArrivalsLounge Reviews https://t.co/Ish5ZzPlhC #avgeek #aviation #avgeek #United #UAL #UA\xe2\x80\xa6 https://t.co/k2KZjspTA9'
2017-12-15 18:52:14,b'#unitedAIRLINES flight delayed for more than 176 minutes without clear explanations given.......'
2017-12-15 18:37:04,b'#SupportforSupport RT Iam360WISE: #360WiseNews \xf0\x9f\x98\x80\xf0\x9f\x98\x82\xf0\x9f\xa4\xa3The Best of #Gogglebox | Reactions To #UnitedAirlines Controversy\xe2\x80\xa6 https://t.co/JTnEqha9XQ'
2017-12-15 18:28:50,b'Headed to Austin. First flight was delayed 2 1/2 hours but looks like we will still make it! Can\xe2\x80\x99t wait for Korean\xe2\x80\xa6 https://t.co/v0jqK5QoBh'
2017-12-15 17:09:46,b'@united airlines had a rough year. They are the topic of the first governance tip (#13) on the TOP 17 TIPS OF 2017\xe2\x80\xa6 https://t.co/lv5ah0hsDa'
2017-12-15 16:47:09,"b'#SupportforSupport #360WiseNews \xf0\x9f\x98\x80\xf0\x9f\x98\x82\xf0\x9f\xa4\xa3The Best of #Gogglebox | Reactions To #UnitedAirlines Controversy, Monkmania &amp; L\xe2\x80\xa6 https://t.co/rXvnpCeFVm'"
2017-12-15 16:46:24,b'NEW PRE-ORDERS ARE AVAILABLE!\nPre-order here: https://t.co/XUhWO3DYpG\n#latam #unitedairlines #finnair #Cebu... https://t.co/XlCe2rQyv1'
2017-12-15 16:29:20,b'RT @AircraftVideos: An @united @AirbusInTheUS A320-232 [N437UA] landing on 18R at Dallas/Fort Worth International A\xe2\x80\xa6 https://t.co/A03ENr75tZ'
2017-12-15 16:05:18,b'An @united @AirbusInTheUS A320-232 [N437UA] landing on 18R at Dallas/Fort Worth International Airport (@DFWAirport\xe2\x80\xa6 https://t.co/MPgcOUf9X9'
2017-12-15 15:57:53,"b'Wow @united , you let a pregnant woman move one seat up because it\xe2\x80\x99s empty and then tell her you need to charge her\xe2\x80\xa6 https://t.co/KUYD1c5zLs'"
2017-12-15 15:50:06,b'#LAX #UnitedAirlines Home \xf0\x9f\x87\xba\xf0\x9f\x87\xb8\xe2\x9c\x88\xef\xb8\x8f https://t.co/yBd70qXfI3'
2017-12-15 15:26:03,"b""It's insane how airlines try to charge for every little single thing now, basic economy no carry on bags... if you\xe2\x80\xa6 https://t.co/KiVaqSfLrc"""
2017-12-15 14:28:51,b'Wait. What? No pre-boarding for people with infants on American Airlines?!?! #shameonyou #americanairlines  Just so\xe2\x80\xa6 https://t.co/9Ewsx0yGYf'
2017-12-15 12:20:49,"b'Never flying @united again. Horrible. You pay for everything. Premiere, no lines. The rest of the world, shit. Mone\xe2\x80\xa6 https://t.co/YEH7528BiW'"
2017-12-15 11:46:40,"b""RT @skygoflycom: United Star Alliance 'Queen' #unitedairlines #boeing #747 #queenoftheskies #planespotting #dontgo https://t.co/2THoOMtay3\xe2\x80\xa6"""
2017-12-15 11:46:30,"b""RT @skygoflycom: United Star Alliance 'Queen' #unitedairlines #boeing #747 #queenoftheskies #planespotting #dontgo https://t.co/2THoOMtay3\xe2\x80\xa6"""
2017-12-15 11:45:21,"b""United Star Alliance 'Queen' #unitedairlines #boeing #747 #queenoftheskies #planespotting #dontgo\xe2\x80\xa6 https://t.co/6d0xfDfcB6"""
2017-12-15 07:24:04,b'Flying to Tahiti is about to get easier \xe2\x80\x94 and possibly cheaper #UnitedAirlines https://t.co/65TSF9Essr'
2017-12-15 06:54:20,b'RT @UnitedFlyerHD: United B777-200ER N78017 lining up on Houston IAH 33L \n#avgeek #boeing #boeing777 #staralliance #UnitedAirlines #triple7\xe2\x80\xa6'
2017-12-15 06:51:50,b'#UnitedAirlines names Kate Gebo Executive Vice President Human Resources and Labor Relations'
2017-12-15 06:40:12,b'#UnitedAirlines announces routes to French Polynesia'
2017-12-15 06:09:17,"b'#ua1742 stuck on SFO taxiway with broken plane at our gate. Pilot says he has been given ""no timetable"" for resolvi\xe2\x80\xa6 https://t.co/JJTDHeNk8h'"
2017-12-15 05:51:58,b'#UnitedAirlines will fly to Tahiti'
2017-12-15 05:46:02,b'RT @UnitedFlyerHD: United B777-200ER N78017 lining up on Houston IAH 33L \n#avgeek #boeing #boeing777 #staralliance #UnitedAirlines #triple7\xe2\x80\xa6'
2017-12-15 05:41:32,b'RT @UnitedFlyerHD: United B777-200ER N78017 lining up on Houston IAH 33L \n#avgeek #boeing #boeing777 #staralliance #UnitedAirlines #triple7\xe2\x80\xa6'
2017-12-15 03:34:08,b'I know way more about Newark airport than I ever wanted to know. #beenhereforever #turneddownthelightsonus #unitedAIRLINES @united'
2017-12-15 03:21:57,b'Sooo just no one knows when/if we are leaving NJ tonight for Chicago \xf0\x9f\x98\x92 #unitedAIRLINES'
2017-12-15 02:57:00,b'I saw this on #tasty sponsored by #unitedairlines and had to make it. #hatersgonnahate\xe2\x80\xa6 https://t.co/Jt2g6ZeXCI'
2017-12-15 02:42:02,b'Non-stop from New York to Miami (and vice versa) for only $80 roundtrip with United. #UnitedAirlines #NewYork https://t.co/OcwlSpqz8N'
2017-12-15 02:42:02,b'New York to Orlando (and vice versa) for only $80 roundtrip with United. #UnitedAirlines #NewYork https://t.co/yrU7cPlTUH'
2017-12-15 02:18:20,b'RT @UnitedFlyerHD: United B777-200ER N78017 lining up on Houston IAH 33L \n#avgeek #boeing #boeing777 #staralliance #UnitedAirlines #triple7\xe2\x80\xa6'
2017-12-15 02:18:02,b'RT @UnitedFlyerHD: United B777-200ER N78017 lining up on Houston IAH 33L \n#avgeek #boeing #boeing777 #staralliance #UnitedAirlines #triple7\xe2\x80\xa6'
2017-12-15 02:16:33,b'RT @UnitedFlyerHD: United B777-200ER N78017 lining up on Houston IAH 33L \n#avgeek #boeing #boeing777 #staralliance #UnitedAirlines #triple7\xe2\x80\xa6'
2017-12-15 02:16:01,b'United B777-200ER N78017 lining up on Houston IAH 33L \n#avgeek #boeing #boeing777 #staralliance #UnitedAirlines\xe2\x80\xa6 https://t.co/IKO9QGtgpu'
2017-12-15 01:36:26,b'Above #colorado #rockies  #Unitedairlines https://t.co/TopUoC4I8c'
2017-12-15 01:32:10,b'RT @savs66: Meanwhile on United Airlines..#unitedAIRLINES https://t.co/fXLkNz07Fg'
2017-12-15 00:40:21,b'I\xe2\x80\x99m a frequent flyer and fly thousands of miles a year and if you want to have happy customers this is not the way\xe2\x80\xa6 https://t.co/9eSXlwzwp4'
2017-12-15 00:17:23,b'When you have been a  loyal customer with @united for at least 10 years and they try to fuck you by saying I can\xe2\x80\x99t\xe2\x80\xa6 https://t.co/lZgcwr4hcV'
2017-12-14 23:25:56,"b'Not sure why so many people are still hating on #UnitedAirlines, I had a very pleasant experience. Thanks @united'"
2017-12-14 23:08:12,"b'Earn 40,000 airline mile with United after spending $2000. https://t.co/fEOifg4s0m #united #UnitedAirlines #miles\xe2\x80\xa6 https://t.co/uUPfZi930D'"
2017-12-14 23:04:02,b'Early morning over the #Pacific #unitedairlines #360magazine #pictureoftheday https://t.co/3ZxQoHjnGZ https://t.co/6Z1bkQUgDk'
2017-12-14 22:48:00,b'#unitedAIRLINES  is the WORST and I will NEVER fly them again'
2017-12-14 22:39:27,"b'I logged a case with @united. They responded today, 10 days later and had the wrong name and case...I replied that\xe2\x80\xa6 https://t.co/AKvmSjyLYu'"
2017-12-14 22:36:11,b'Book your United Airlines Vacation today!\nhttps://t.co/J5V7cB8pN2\n#unitedAIRLINES #vacation'
2017-12-14 22:29:41,b'We haven\xe2\x80\x99t even taken off yet... #asleep #onmyshoulder #cantmove #unitedairlines #flyingtoLA #sleeping #notreal\xe2\x80\xa6 https://t.co/5fYoxbS5sh'
2017-12-14 22:21:40,b'RT @smaltman: Flight arrives late and now sitting on Tarmac with no explanation for 20 minutes #unitedairlines thanks again for crappy serv\xe2\x80\xa6'
2017-12-14 22:13:40,b'On United Airlines:\nFlight attendant: \xe2\x80\x9cI want to welcome you to the worlds greatest fight crew.... excuse me flight\xe2\x80\xa6 https://t.co/4xMJEsfuPH'
2017-12-14 21:39:54,"b'RT @dannyfishertvl: Exciting #news new non-stop #flights from @flySFO to @TahitiTourism #Papeete starting October 30, 2018 #unitedAIRLINES\xe2\x80\xa6'"
2017-12-14 21:27:33,b'RT @alzamorasc: RT @dannyfishertvl: Exciting #news new non-stop #flights from @flySFO to @TahitiTourism #Papeete st\xe2\x80\xa6 https://t.co/7MURbfK6gW'
2017-12-14 21:26:58,"b'RT @dannyfishertvl: Exciting #news new non-stop #flights from @flySFO to @TahitiTourism #Papeete starting October 30, 2018 #unitedAIRLINES\xe2\x80\xa6'"
2017-12-14 21:22:26,"b'RT @dannyfishertvl: Exciting #news new non-stop #flights from @flySFO to @TahitiTourism #Papeete starting October 30, 2018 #unitedAIRLINES\xe2\x80\xa6'"
2017-12-14 21:22:12,"b'As a #1K, I feel like I am cheating flying #AmericanAir instead of #UnitedAirlines.    I have been burned the last\xe2\x80\xa6 https://t.co/xNYHoIdIrR'"
2017-12-14 21:16:19,"b'RT @lrengifo: Braved weather/traffic to make flight with #unitedairlines IAH, only to have flight cancelled at gate. Wish they had communic\xe2\x80\xa6'"
2017-12-14 21:15:06,"b'Exciting #news new non-stop #flights from @flySFO to @TahitiTourism #Papeete starting October 30, 2018\xe2\x80\xa6 https://t.co/TCIxVvVKI0'"
2017-12-14 21:06:02,"b'Miami to Rome, Italy for only $404 roundtrip with United and Swiss Intl Air Lines. #UnitedAirlines #Rome https://t.co/wkWw5znUJ3'"
2017-12-14 20:38:49,b'@united What the heck is wrong with ATL?! We flew 2 hours from IAH and have been waiting over an hour for bags!!! #fail #unitedAIRLINES'
2017-12-14 20:30:04,"b'Atlanta to Milan, Italy for only $444 roundtrip with United. #UnitedAirlines #Atlanta https://t.co/zETmzCPe1o'"
2017-12-14 20:24:02,"b'Non-stop from New York to Rome, Italy for only $410 roundtrip with United. #UnitedAirlines #NewYork https://t.co/6RlgnoARM5'"
2017-12-14 19:09:32,b'Well-played #UnitedAirlines \xf0\x9f\x91\x8c\xf0\x9f\x8c\x9f https://t.co/TjsAUMuHz0'
2017-12-14 18:34:59,"b'RT @chastidyparks: @United_Airline fails again. Leaves daughter at the airport. No help, no compensation #unitedAIRLINES #fails again'"
2017-12-14 18:22:43,b'@united fly #ua866 1st class attendant is rude. If he lets one Econ trvlr use 1st class bRm it looks very bad &amp;\xe2\x80\xa6 https://t.co/nIsLIKaozc'
2017-12-14 17:31:02,b'Epic #PowerRanger battles ensue while we wait for our flight #unitedairlines #piggytravels\xe2\x80\xa6 https://t.co/VW3ELZn6s0'
2017-12-14 16:49:33,b'Cash Me Outside to United Airlines Memes: Here are the top searched memes on Google in 2017 https://t.co/UnoMjtMcnB\xe2\x80\xa6 https://t.co/mrmRBH62sl'
2017-12-14 16:42:52,b'Thanks United!  #unitedAIRLINES! https://t.co/9P2oOrlczY'
2017-12-14 16:39:49,b'RT @Peter4travel: #UnitedAirlines spreading wings to #Tahiti https://t.co/m78SdACYRC via @TravelMole'
2017-12-14 16:08:58,b'I am so grateful for my military discount lol!! #chickfila #dicks #kirklands #unitedairlines 3 bags free \xf0\x9f\x98\x8d\xf0\x9f\x98\x8d\xf0\x9f\x98\x8d'
2017-12-14 15:41:20,b'#UnitedAirlines spreading wings to #Tahiti https://t.co/m78SdACYRC via @TravelMole'
2017-12-14 15:36:41,b'Early morning @united departure to @Dulles_Airport from @HeathrowAirport ready for push back #heathrowairport\xe2\x80\xa6 https://t.co/HE9XDIwTrC'
2017-12-14 15:32:39,b'Leg 2 of the journey home! I more to go! #homebound #holidaytravel #unitedairlines\xe2\x80\xa6 https://t.co/AfH7Latx0W'
2017-12-14 15:08:15,"b'@united #UA1040 830am flight, now 1006am and we r #23 for takeoff #boo #getyourstuffstraight #unfriendlyskies\xe2\x80\xa6 https://t.co/EzelHNBxkv'"
2017-12-14 14:44:40,b'RT @mrchrisjohn: #unitedAIRLINES security staff training video\xf0\x9f\xa4\xa3\xf0\x9f\xa4\xa3 https://t.co/Bo0fsMHEmQ'
2017-12-14 14:32:49,b'Regranned from leophotocr  -  *LATEST ADDED*\n\n#Boeing #737800 #738 #MROC #SJO #UnitedAirlines\xe2\x80\xa6 https://t.co/eqcrtsrfs6'
2017-12-14 12:20:22,"b'So, @Google has ranked the top #Meme searches for the year of 2017. Which on of these fives you think was the best?\xe2\x80\xa6 https://t.co/dU4cgS8AuX'"
2017-12-14 10:34:31,b'RT @UnitedFlyerHD: United B757-200 (N12125) with scimitar winglets rolling on Houston IAH 33L\n#avgeek #boeing #boeing757 #UnitedAirlines ht\xe2\x80\xa6'
2017-12-14 07:15:11,b'#UnitedAirlines names Kate Gebo Executive Vice President Human Resources and Labor Relations'
2017-12-14 05:39:37,b'RT @sfogm9: United plans nonstop flights from SFO to Tahiti next year https://t.co/SKpXI9jcTC #UnitedAirlines #Tahiti'
2017-12-14 05:27:01,b'United plans nonstop flights from SFO to Tahiti next year https://t.co/SKpXI9jcTC #UnitedAirlines #Tahiti'
2017-12-14 05:22:18,b'RT @eschaz12: Petition #UnitedAirlines Free Airline Pass to Dogs Rescued From Dog Meat Trade #SouthKorea https://t.co/GHNEHgdCCY'
2017-12-14 04:32:47,"b'#unitedairlines I have just been treated with such hostility by a United ticket agent. He was antagonistic, hostile\xe2\x80\xa6 https://t.co/GcAaZObleE'"
2017-12-14 04:16:02,b'#unitedairlines is the worst'
2017-12-14 00:58:57,"b'#sunset at 35,000 #unitedairlines #sunsets #iphone7plus  rizz_the_1 https://t.co/r3AV6glhkQ'"
2017-12-13 23:55:40,b'RT @UditSheth: #GujaratModel of success being followed by #unitedairlines - #dhokla is the on air mid-flight snack #flights #longhauls #USA\xe2\x80\xa6'
2017-12-13 23:51:32,"b""Call me crazy, but perhaps if airlines didn't charge a fee for your very first checked bag, fewer folks would have\xe2\x80\xa6 https://t.co/nOAYWWAUel"""
2017-12-13 23:34:23,b'#unitedairlines  the worst'
2017-12-13 22:49:12,b'#UnitedAirlines announced a new $3 billion buyback program last week. Too bad its free cash flow is drying up!\xe2\x80\xa6 https://t.co/2ljUS3VTgk'
2017-12-13 22:15:22,b'RT @motivation0907: #unitedairlines You could have bought this guy his own jet for less than what you are going to pay him in his lawsuit #\xe2\x80\xa6'
2017-12-13 22:13:38,b'United Airlines Adds Tahiti Route https://t.co/LwIG4lVNUe #TravelRoutes #UnitedAirlines'
2017-12-13 22:08:09,"b""\xe2\x80\x98Live and Let's Fly\xe2\x80\x98  \xf0\x9f\x91\x8a\xf0\x9f\x9b\xab\n\nhttps://t.co/oNZZqY9E3U\n\n#livelife #lovelife #stampitout #sexualharassment\xe2\x80\xa6 https://t.co/VjgIzv11ur"""
2017-12-13 22:00:56,b'RT @StephanieSFOSIS: Let the warm ups begin! Round 2 SFO vs EWR! #UnitedAirlines #UnitedSoccer2017 #whyiloveAO #TeamSFO @weareunited #being\xe2\x80\xa6'
2017-12-13 21:58:24,"b""So since it's now 3.57 and we're at the gate, I guess a that 4.00 delayed departure time was just another random li\xe2\x80\xa6 https://t.co/A6nOuNYJxM"""
2017-12-13 20:34:57,b'United flight to Denver originally delayed 45mins - now it\xe2\x80\x99s 3 hrs 15 mins.  Sheesh #UnitedAirlines - is it that ha\xe2\x80\xa6 https://t.co/NdmV3yEcCe'
2017-12-13 20:01:50,b'RT @Kalin_Kipling: United plans nonstop flights from SFO to Tahiti next year https://t.co/1kp5Pn8RBZ #UnitedAirlines #flights #tahiti #SanF\xe2\x80\xa6'
2017-12-13 20:01:13,b'United plans nonstop flights from SFO to Tahiti next year https://t.co/1kp5Pn8RBZ #UnitedAirlines #flights #tahiti #SanFrancisco #SFO'
2017-12-13 19:30:33,b'RT @UnitedFlyerHD: United B757-200 (N12125) with scimitar winglets rolling on Houston IAH 33L\n#avgeek #boeing #boeing757 #UnitedAirlines ht\xe2\x80\xa6'
2017-12-13 19:23:17,b'Third day in a row attempting to reach #UnitedAirlines accessibly desk. Currently on hold 30 minutes. Nobody has an\xe2\x80\xa6 https://t.co/dyfoJm3OL2'
2017-12-13 19:15:09,b'@united YO. Maybe if I had over a thousand followers like Lisa you guys would give a shit and actually respond?\xe2\x80\xa6 https://t.co/qUcJcMtrCJ'
2017-12-13 18:59:51,"b'This is amazing.  I am so happy!  12 global upgrades to use next year, Tahiti, here we come....again! #United\xe2\x80\xa6 https://t.co/J8Smj3GP3O'"
2017-12-13 18:53:36,"b""@united YESSSSSSSSSSSSSSSSSSSSSSSSSSS!  I don't know how today can get any better, this is amazing!  #ThankYou\xe2\x80\xa6 https://t.co/VmfWBko1Bn"""
2017-12-13 18:39:43,b'RT @ARIELnolastname: First US carrier since Pan Am to fly non-stop to Tahiti...it\xe2\x80\x99s Lit. \xf0\x9f\x8c\xba\xf0\x9f\x8c\x8f\xf0\x9f\x8c\x8a\xf0\x9f\x8c\x9e #unitedairlines #Tahiti #paradise'
2017-12-13 18:35:45,"b""Being nagged over and over and over about bag stowage during boarding is horrible and I'm sure largely pointless. Shut up #UnitedAirlines"""
2017-12-13 18:25:37,b'Wow - don\xe2\x80\x99t fly business with #UnitedAirlines.  Apparently domestic upper and business does not qualify for lounge access - how poor!'
2017-12-13 18:15:36,b'First US carrier since Pan Am to fly non-stop to Tahiti...it\xe2\x80\x99s Lit. \xf0\x9f\x8c\xba\xf0\x9f\x8c\x8f\xf0\x9f\x8c\x8a\xf0\x9f\x8c\x9e #unitedairlines #Tahiti #paradise'
2017-12-13 18:06:22,"b""United Airlines Announces Service Between San Francisco and Pape'ete,Tahiti #UnitedAirlines https://t.co/wg417AdLJ1 https://t.co/f8A9IPOxaO"""
2017-12-13 16:09:20,"b""2017: #Trump, Woman's March, #Protests, #TheWall, #TravelBan, Ariana Grande Concert, #UnitedAirlines,\xe2\x80\xa6 https://t.co/fYd1vfZnwz"""
2017-12-13 16:05:19,b'#SIU #Aviation #Alumni #jobs\n#AirEvac Lifeteam\n #ColumbiaHelicopters\n #PJ Helicopters\n #Hendrickson Flying Service\xe2\x80\xa6 https://t.co/O3PLXUiy2G'
2017-12-13 15:58:52,b'@chefkelcheung @AmericanAir Hi there. This is #UnitedAirlines. Hold my beer.'
2017-12-13 14:03:05,b'Biggest stories of 2017: United Airlines https://t.co/KQd97HbOWH @profhamel comments on United Airlines and their l\xe2\x80\xa6 https://t.co/vD7kltcl9T'
2017-12-13 13:38:11,b'Note from the captain is a nice touch #unitedAIRLINES #staralliance https://t.co/6PjwqSFhw8'
2017-12-13 12:47:54,b'I think airlines should give a $5 credit if you check your bags and charge $10 to carry on. The boarding process ta\xe2\x80\xa6 https://t.co/qoFOczTqAc'
2017-12-13 11:17:35,b'RT @UditSheth: #GujaratModel of success being followed by #unitedairlines - #dhokla is the on air mid-flight snack #flights #longhauls #USA\xe2\x80\xa6'
2017-12-13 11:01:53,b'RT @UditSheth: #GujaratModel of success being followed by #unitedairlines - #dhokla is the on air mid-flight snack #flights #longhauls #USA\xe2\x80\xa6'
2017-12-13 10:37:38,b'Travel sneakers on and ready to fly! \xe2\x9c\x88\xef\xb8\x8f Asia bound! Stay tuned... #3seams #travel #cambodiabound #herewego\xe2\x80\xa6 https://t.co/qKx5wFPolC'
2017-12-13 09:43:51,b'RT @UnitedFlyerHD: United B757-200 (N12125) with scimitar winglets rolling on Houston IAH 33L\n#avgeek #boeing #boeing757 #UnitedAirlines ht\xe2\x80\xa6'
2017-12-13 09:41:20,b'RT @UnitedFlyerHD: United B757-200 (N12125) with scimitar winglets rolling on Houston IAH 33L\n#avgeek #boeing #boeing757 #UnitedAirlines ht\xe2\x80\xa6'
2017-12-13 09:25:39,b'#GujaratModel of success being followed by #unitedairlines - #dhokla is the on air mid-flight snack #flights\xe2\x80\xa6 https://t.co/11i878CjNr'
2017-12-13 09:02:32,"b'Goodbye London, see you in a few weeks. \n\n#Aloha \n#UnitedAirlines https://t.co/ILFv1ZewFo'"
